AGH1002	3.0	multiChoiceQuiz	h p p p e p p p		«[Interactive: Quiz]»	after«»	cell0«»	head«Nutrient Uptake»	owner«»	prev«T!»
AGH1005	2.0	dropDown	h h p p p p p p		«[interactive: Drop down menu]»	after«»	cell0«»	head«Here is a more detailed description of the main **internal**»	owner«»	prev«h»
AGH1006	2.0	dragAndDrop	h X		«[interactive: sentence drag and drop or drop-down »	after«»	cell0«»	head«Fill in the sentences to complete the summary statement abou»	owner«»	prev«p»
AGH1006	4.0	dragAndDrop	h p e p p X		«[interactive: See drag and drop activity below] *N»	after«»	cell0«»	head«Controlled Environments»	owner«»	prev«I»
AGH1006	5.0	dragAndDrop	h p p e h p p p		«[interactive: drag and drop] (Merged content: HTO1»	after«»	cell0«»	head«Pruning»	owner«»	prev«h»
AGH1008	5.0	interactive	h p h p h p p p		«[Interactive]»	after«Click on the heading to get th»	cell0«»	head«Increased chance of pregnancy»	owner«»	prev«p»
AGH1009	4.0	unclassified	h p p T		«[Activity: Embedded]»	after«»	cell0«»	head«Good or poor-quality water?»	owner«»	prev«p!»
AGH1009	6.0	dragAndDrop	X		«[interactive: drag and drop]»	after«Place these green manure and b»	cell0«»	head«»	owner«»	prev«p!»
ANZH103	1.0	unclassified	h p p p p p p h		«[Activity: embedded]»	after«Map of Aotearoa with drag and »	cell0«»	head«What happened in 1840?»	owner«»	prev«p»
ANZH104	6.0	dragAndDrop	X		«[Interactive: Drag and Drop]»	after«»	cell0«»	head«»	owner«»	prev«I»
ANZH105	1.0	accordion	X		«[Activity: Embedded – Accordion]»	after«»	cell0«»	head«»	owner«»	prev«T»
ANZH205	1.0	dragAndDrop	X		«[Activity: Embedded – Vertical Drag and Drop]»	after«»	cell0«»	head«»	owner«»	prev«h»
ANZH205	6.0	carousel	X		«[PDF slideshow and Audio player from TKI]»	after«Te Tiriti o Waitangi (Pages 10»	cell0«»	head«»	owner«»	prev«p»
ANZH303	1.0	multiChoiceQuiz	h p X		«[Go to quiz]»	after«»	cell0«»	head«The many meanings of mana»	owner«»	prev«p»
ANZH401	1.0	multiChoiceQuiz	X		«[Add button- Quiz]»	after«Go to quiz button»	cell0«»	head«»	owner«»	prev«X»
ANZH401	1.0	dragAndDrop	X		«[Answers for the Drag and Drop Activity] “Who is i»	after«»	cell0«»	head«»	owner«»	prev«X»
ANZH401	6.0	multiChoiceQuiz	X		«[Add button- Quiz]»	after«Go to quiz button»	cell0«»	head«»	owner«»	prev«X»
ANZHFUN05	0.0	dropDown	X		«[Dropbox]»	after«Upload to the dropbox»	cell0«»	head«»	owner«»	prev«T!»
ARFUN01	0.0	dropDown	X		«[Drop down text for image one]»	after«Banksy is a famous artist who »	cell0«»	head«»	owner«»	prev«X!»
ARFUN02	0.0	carousel	X		«[Insert an image or series of images relating to a»	after«»	cell0«»	head«»	owner«»	prev«p»
ARFUN04	0.0	clickDrop	e h p I p p p h		«[create click and drop] [H3]»	after«**Watch** Watch this video abo»	cell0«»	head«**Learning about balance**»	owner«»	prev«h»
ARFUN04	0.0	clickDrop	e X		«[create click and drop] [H3]»	after«**Watch** Watch this video abo»	cell0«»	head«»	owner«»	prev«h»
BLL113	1.0	dragAndDrop	X		«[drop and drag] Can we make something like this pl»	after«»	cell0«»	head«»	owner«»	prev«I»
BLL114	1.0	dragAndDrop	X		«[drag and drop]»	after«»	cell0«»	head«»	owner«»	prev«I»
BLL115	1.0	dragAndDrop	X		«[drop and drag] Can we make something like this pl»	after«»	cell0«»	head«»	owner«»	prev«I»
BLL123	1.0	dropDown	E		«[upload to dropbox] Where ākonga can upload some o»	after«»	cell0«»	head«»	owner«»	prev«p!»
BLL123	2.0	dropDown	X		«[upload to dropbox] Where ākonga can upload some o»	after«»	cell0«»	head«»	owner«»	prev«e»
BLL124	1.0	dropDown	X		«[upload to dropbox] Where ākonga can upload some o»	after«»	cell0«»	head«»	owner«»	prev«X»
BLL124	1.0	dropDown	E		«[upload to dropbox] Where ākonga can upload some o»	after«»	cell0«»	head«»	owner«»	prev«p»
BLL124	2.0	dropDown	X		«[upload to dropbox] Where ākonga can upload some o»	after«»	cell0«»	head«»	owner«»	prev«p»
BLL131	1.0	dragAndDrop	X		«[drop and drag] Can we make something like this pl»	after«»	cell0«»	head«»	owner«»	prev«I»
BLL141	1.0	dropDown	E		«[Dropbox to trigger engagement]»	after«»	cell0«»	head«»	owner«»	prev«e!»
BLL141	2.0	dropDown	X		«[Dropbox to trigger engagement]»	after«»	cell0«»	head«»	owner«»	prev«e»
BLL143	1.0	dropDown	X		«[upload to dropbox] Where ākonga can upload some o»	after«»	cell0«»	head«»	owner«»	prev«p!»
BLL143	1.1	dropDown	X		«[upload to dropbox] Where ākonga can upload some o»	after«»	cell0«»	head«»	owner«»	prev«T!»
BLL143	1.1	dropDown	X		«[upload to dropbox] Where ākonga can upload some o»	after«»	cell0«»	head«»	owner«»	prev«p!»
BLL144	1.0	dropDown	X		«[upload to dropbox] Where ākonga can upload some o»	after«»	cell0«»	head«»	owner«»	prev«p!»
BLL146	2.0	dropDown	X		«[Dropbox to trigger engagement]»	after«»	cell0«»	head«»	owner«»	prev«e»
BLL147	1.1	dropDown	X		«[upload to dropbox] Where ākonga can upload some o»	after«»	cell0«»	head«»	owner«»	prev«p»
BLL147	1.1	dropDown	X		«[upload to dropbox] Where ākonga can upload some o»	after«»	cell0«»	head«»	owner«»	prev«p!»
BLL151	2.0	dropDown	X		«[Dropbox to trigger engagement]»	after«»	cell0«»	head«»	owner«»	prev«e»
BLL153	1.0	dropDown	X		«[upload to dropbox] Where ākonga can upload some o»	after«»	cell0«»	head«»	owner«»	prev«p!»
BLL153	1.0	dropDown	X		«[upload to dropbox] Where ākonga can upload some o»	after«»	cell0«»	head«»	owner«»	prev«p»
BLL154	1.1	dropDown	X		«[upload to dropbox] Where ākonga can upload some o»	after«»	cell0«»	head«»	owner«»	prev«p»
BLL154	1.1	dropDown	X		«[upload to dropbox] Where ākonga can upload some o»	after«»	cell0«»	head«»	owner«»	prev«p!»
BLL155	1.0	dropDown	X		«[upload to dropbox] Where ākonga can upload some o»	after«»	cell0«»	head«»	owner«»	prev«p»
BLL155	1.0	dropDown	E		«[upload to dropbox] Where ākonga can upload some o»	after«»	cell0«»	head«»	owner«»	prev«p»
BLL161	1.0	dropDown	E		«[Dropbox to trigger engagement]»	after«»	cell0«»	head«»	owner«»	prev«e!»
BLL163	1.0	dropDown	X		«[upload to dropbox] Where ākonga can upload some o»	after«»	cell0«»	head«»	owner«»	prev«p»
BLL163	1.1	dropDown	X		«[upload to dropbox] Where ākonga can upload some o»	after«»	cell0«»	head«»	owner«»	prev«p»
BLL164	1.0	dropDown	X		«[upload to dropbox] Where ākonga can upload some o»	after«»	cell0«»	head«»	owner«»	prev«p!»
BLL165	1.0	dropDown	X		«[upload to dropbox] Where ākonga can upload some o»	after«»	cell0«»	head«»	owner«»	prev«p!»
BLL165	1.0	dropDown	X		«[upload to dropbox] Where ākonga can upload some o»	after«»	cell0«»	head«»	owner«»	prev«p!»
BLL171	1.0	dropDown	E		«[Dropbox to trigger engagement]»	after«»	cell0«»	head«»	owner«»	prev«e!»
BLL175	1.1	dropDown	X		«[upload to dropbox] Where ākonga can upload some o»	after«»	cell0«»	head«»	owner«»	prev«p!»
BLL176	1.1	dropDown	X		«[upload to dropbox] Where ākonga can upload some o»	after«»	cell0«»	head«»	owner«»	prev«p!»
BLL212	1.0	dropDown	X		«[upload to dropbox] Where ākonga can upload some o»	after«»	cell0«»	head«»	owner«»	prev«p»
BLL212	2.0	dropDown	X		«[upload to dropbox] Where ākonga can upload some o»	after«»	cell0«»	head«»	owner«»	prev«e»
BLL214	1.0	dropDown	X		«[upload to dropbox] Where ākonga can upload some o»	after«»	cell0«»	head«»	owner«»	prev«p»
BLL224	2.0	dropDown	X		«[Dropbox to trigger engagement]»	after«»	cell0«»	head«»	owner«»	prev«e»
BLL231	2.0	dropDown	X		«[Dropbox to trigger engagement]»	after«»	cell0«»	head«»	owner«»	prev«e»
BLL232	2.0	dropDown	X		«[Dropbox to trigger engagement]»	after«»	cell0«»	head«»	owner«»	prev«e»
BLL237	1.0	dropDown	X		«[Dropbox to trigger engagement]»	after«»	cell0«»	head«»	owner«»	prev«e!»
BLL262	1.0	dropDown	X		«[Dropbox to trigger engagement]»	after«»	cell0«»	head«»	owner«»	prev«e»
BLL262	3.0	dropDown	X		«[Dropbox to trigger engagement]»	after«»	cell0«»	head«»	owner«»	prev«e»
BLL262	3.0	dropDown	X		«Dropbox to trigger engagement]»	after«»	cell0«»	head«»	owner«»	prev«e»
BLL263	3.0	dropDown	X		«[Dropbox to trigger engagement]»	after«»	cell0«»	head«»	owner«»	prev«e»
BLL263	3.0	dropDown	X		«[Dropbox to trigger engagement]»	after«»	cell0«»	head«»	owner«»	prev«e»
BLLR201	1.1	clickDrop	X		«[clickdrop 1]»	after«The 13-Storey Treehouse»	cell0«»	head«»	owner«»	prev«p!»
BLLR201	1.1	clickDrop	X		«[clickdrop 2]»	after«*Detective Beans and the Case »	cell0«»	head«»	owner«»	prev«T!»
BLLR201	1.1	clickDrop	X		«[clickdrop 3]»	after«*Animals of Aotearoa*»	cell0«»	head«»	owner«»	prev«T!»
BLLR201	1.1	clickDrop	X		«[clickdrop 4]»	after«The Observologist»	cell0«»	head«»	owner«»	prev«T!»
CEDO301	3.0	carousel	X		«[Slideshow] [Video]»	after«Media item numbers 15, 16, 17,»	cell0«»	head«»	owner«»	prev«h»
CEDR302	0.0	dropDown	h p p p p p p p		«[Keep the dropdown]»	after«»	cell0«»	head«What do I want to know?»	owner«»	prev«p!»
CEDR501	5.0	flipCard	T		«[Flipcards]»	after«»	cell0«»	head«»	owner«»	prev«p»
CEDT104	0.0	dropDown	h ?		«Please create a dropdown menu for each item]»	after«»	cell0«»	head«»	owner«»	prev«h»
CEDT104	0.0	dropDown	h p X		«[Please insert a Dropbox]»	after«»	cell0«»	head«**What have I learned?**»	owner«»	prev«p»
CEDT104	0.0	selectionBox	X		«[Please insert tick boxes] [earn a star ⭐️]»	after«»	cell0«»	head«»	owner«»	prev«p»
CEDT104	0.0	dropDown	h p p I p p I p		«[Dropbox link]»	after«»	cell0«»	head«**Let's check what we've learned**»	owner«»	prev«p»
CEDT501	7.0	dropDown	h p p p p p p p		«[Upload to dropbox]»	after«»	cell0«»	head«What if you’re on the receiving end?»	owner«»	prev«I»
CEDW501	6.0	dropDown	X		«[Upload to Dropbox]»	after«Upload to dropbox»	cell0«»	head«»	owner«»	prev«p»
CHFUN05	0.0	flipCard	T		«[flipcard] [body]»	after«Click on the card to turn the »	cell0«»	head«»	owner«»	prev«T»
CHI1005	7.0	dropDown	E		«[insert dropbox icon]»	after«»	cell0«»	head«»	owner«»	prev«I»
CHWHA	0.0	typing	X		«[self-check model answers]»	after«There are **1.4 billion people»	cell0«»	head«»	owner«»	prev«p»
COM1002	2.0	dropDown	h p I I I I p I		«[Please create an onscreen fill the gap activity. »	after«»	cell0«»	head«**Unincorporated community organisations**»	owner«»	prev«I»
COM1005	3.0	multiChoiceQuiz	X		«[Quiz 3A]»	after«Select whether the following s»	cell0«»	head«»	owner«»	prev«p»
COM1006	3.0	multiChoiceQuiz	X		«[Activity 2A- Self check multichoice]»	after«Select the most appropriate an»	cell0«»	head«»	owner«»	prev«p»
DAN1003	1.0	unclassified	h p ?		«[Interactive Activity]»	after«»	cell0«»	head«Drag and drop»	owner«»	prev«p»
DAN1004	1.0	unclassified	h p T		«[Interactive Activity]»	after«»	cell0«»	head«»	owner«»	prev«p»
DAN1004	2.0	carousel	X		«[Carousel slideshow]»	after«»	cell0«»	head«»	owner«»	prev«p»
DTC1004	2.0	dropDown	E		«[Drop Box] –»	after«Working towards DTC1004 – Jour»	cell0«»	head«»	owner«»	prev«X»
DTC1005	17.0	dropDown	h p h p h p p h		«[Dropdown]»	after«»	cell0«»	head«Video resolution»	owner«»	prev«h»
ENG1004	0.0	dropDown	X		«[Button – ENG1004 Working towards dropbox]»	after«»	cell0«»	head«»	owner«»	prev«e!»
ENG1004	1.0	dropDown	X		«[Button – ENG1004 Working towards dropbox]»	after«»	cell0«»	head«»	owner«»	prev«e!»
ENG1004	2.0	dropDown	X		«[Button – ENG1004 Working towards dropbox]»	after«»	cell0«»	head«»	owner«»	prev«e!»
ENG1005	0.0	dropDown	X		«[Button – ENG1005 Working towards dropbox]»	after«»	cell0«»	head«»	owner«»	prev«p!»
ENG1005	1.0	dropDown	h p e		«[Button – ENG1005 Working towards dropbox]»	after«»	cell0«»	head«Final assessment.»	owner«»	prev«p!»
ENG1005	2.0	dropDown	h p e		«[Button – ENG1005 Working towards dropbox]»	after«»	cell0«»	head«Final assessment.»	owner«»	prev«p»
ENGC102	4.0	dragAndDrop	X		«[drag and drop] Are we able to take the captions o»	after«»	cell0«»	head«»	owner«»	prev«p»
ENGC201	3.0	multiChoiceQuiz	E		«[quiz]»	after«https://docs.google.com/docume»	cell0«»	head«»	owner«»	prev«p»
ENGC204	3.0	multiChoiceQuiz	E		«[quiz link]»	after«https://docs.google.com/docume»	cell0«»	head«»	owner«»	prev«e»
ENGC204	4.0	dropDown	X		«[upload to dropbox]»	after«»	cell0«»	head«»	owner«»	prev«p»
ENGC204	4.0	dropDown	X		«[upload to dropbox]»	after«»	cell0«»	head«»	owner«»	prev«p»
ENGC204	4.0	dropDown	E		«[go to dropbox]»	after«»	cell0«»	head«»	owner«»	prev«T!»
ENGC206	6.0	carousel	X		«[Insert original Lesson 5 Pūha slideshow with audi»	after«»	cell0«»	head«»	owner«»	prev«p»
ENGC401	7.0	dropDown	E		«[dropbox]»	after«Upload to dropbox»	cell0«»	head«»	owner«»	prev«p»
ENGC403	1.0	dropDown	E		«[insert Dropbox formative work add audio visual op»	after«»	cell0«»	head«»	owner«»	prev«X!»
ENGC403	2.0	dropDown	h		«] [insert dropbox formative assessment include aud»	after«»	cell0«»	head«Ka pai! You are going well.»	owner«»	prev«e»
ENGI103	6.0	dropDown	E		«[upload to dropbox]»	after«»	cell0«»	head«»	owner«»	prev«p!»
ENGI301	5.0	dropDown	E		«[upload to dropbox]»	after«»	cell0«»	head«»	owner«»	prev«p»
ENGI302	6.0	dropDown	E		«[link to dropbox]»	after«Go to dropbox»	cell0«»	head«»	owner«»	prev«p»
ENGI303	3.0	dropDown	E		«[go to dropbox]»	after«»	cell0«»	head«»	owner«»	prev«X!»
ENGI303	5.0	typing	X		«[Typing quiz standard autocheck] possible answers:»	after«»	cell0«»	head«»	owner«»	prev«p»
ENGI405	5.0	dropDown	X		«[dropbox button]»	after«Working towards»	cell0«»	head«»	owner«»	prev«e!»
ENGJ202	5.0	dropDown	E		«[link to dropbox]»	after«Go to dropbox»	cell0«»	head«»	owner«»	prev«e»
ENGJ302	9.0	dropDown	E		«[Upload to dropbox]»	after«»	cell0«»	head«»	owner«»	prev«p»
ENGJ402	1.0	modal	p		«[If correct please let the person know by having ‘»	after«»	cell0«»	head«»	owner«»	prev«e!»
ENGJ403	6.0	dropDown	h		«[add a button to the working towards dropbox – for»	after«»	cell0«»	head«Nearly there!»	owner«»	prev«p»
ENGR201	4.0	modal	X		«[modal]»	after«Graph information https://driv»	cell0«»	head«»	owner«»	prev«p»
ENGR201	6.0	dropDown	X		«[upload to dropbox] [Engagement trigger]»	after«»	cell0«»	head«»	owner«»	prev«p!»
ENGR302	4.0	modal	X		«[Modal 1]»	after«Equivalent fFractions revisite»	cell0«»	head«»	owner«»	prev«p»
ENGS102	1.0	dropDown	E		«[go to dropbox]»	after«»	cell0«»	head«»	owner«»	prev«T!»
ENGS102	2.0	modal	h p p p e I X		«[modal]»	after«https://www.youtube.com/watch?»	cell0«»	head«*The Three Cattle Dogs Gruff*»	owner«»	prev«p»
ENGS102	3.0	dropDown	E		«[upload to dropbox]»	after«»	cell0«»	head«»	owner«»	prev«p!»
ENGS102	6.0	dropDown	E		«[upload to dropbox] Engagement trigger»	after«»	cell0«»	head«»	owner«»	prev«p!»
ENGS201	3.0	modal	X		«(please ensure this stands out) [modal] Insert Rea»	after«https://tekura.desire2learn.co»	cell0«»	head«»	owner«»	prev«e»
ENGS201	7.0	dropDown	E		«[upload to dropbox]»	after«»	cell0«»	head«»	owner«»	prev«p!»
ENGS301	7.0	dropDown	X		«[upload to dropbox]»	after«»	cell0«»	head«»	owner«»	prev«p!»
ENGS401	1.0	dropDown	E		«[upload to dropbox]»	after«»	cell0«»	head«»	owner«»	prev«p!»
ENGS401	5.0	modal	X		«[Modal] [video]»	after«https://www.youtube.com/watch?»	cell0«»	head«»	owner«»	prev«p»
ENGS404	8.0	dropDown	h		«[add a button to the working towards dropbox- form»	after«»	cell0«»	head«Nearly there!»	owner«»	prev«p»
ENGS404	9.0	dropDown	h e p		«[add a button to the working towards dropbox- form»	after«»	cell0«»	head«Congratulations! Ngā mihi nui. You have completed this modul»	owner«»	prev«p»
ENO2060	3.0	carousel	X		«[insert video carousel with text above video]»	after«»	cell0«»	head«»	owner«»	prev«p»
ENO2060	8.0	dropDown	E		«[button] Upload to assessment dropbox [include fin»	after«»	cell0«»	head«»	owner«»	prev«p»
EXIP901	2.0	multiChoiceQuiz	h p I p p p p I		«[Quiz – not teacher graded]»	after«»	cell0«»	head«Reflection»	owner«»	prev«T»
EXIP901	4.0	dropDown	h e p p e X		«[button to dropbox]»	after«Upload your journal.»	cell0«»	head«Learning Intentions»	owner«»	prev«e»
EXIP901	4.0	unclassified	h p T		«[Activity] Drag and drop [Dev – in the table below»	after«»	cell0«»	head«Match the learning intention to the learning goal»	owner«»	prev«e»
FRFUN06	1.0	multiChoiceQuiz	h p p ?		«[multichoice checklist autocheck]»	after«**bonjour nom maman rose son p»	cell0«»	head«**Self check**»	owner«»	prev«p»
FRFUN07	3.0	dragAndDrop	X		«[Drag and drop column autocheck]»	after«»	cell0«»	head«»	owner«»	prev«T!»
GENO901	1.0	dragAndDrop	X		«[1D Drag and Drop Activity with questions and answ»	after«1D Greetings “Eintopf”»	cell0«»	head«»	owner«»	prev«p!»
GENO901	2.1	dragAndDrop	p p p X		«[Drag and drop activity]»	after«2E Read the mini dialogues.»	cell0«»	head«»	owner«»	prev«p»
GENO901	3.3	typing	h e		«[Placeholder Link to Fundamental GEFUN03 typing sp»	after«»	cell0«»	head«Grammar: nouns in German»	owner«»	prev«p!»
GENO901	5.2	typing	X		«[typing self-check] 5F»	after«5F Writing practice»	cell0«»	head«»	owner«»	prev«?»
GER1002	2.0	selectionBox	X		«[in the tick list, correct to this: all words in i»	after«»	cell0«»	head«»	owner«»	prev«p»
GEWHA	0.0	dropDown	X		«[Dropbox button]»	after«Upload it to the dropbox»	cell0«»	head«»	owner«»	prev«p»
HES1002	1.0	dropDown	X		«[Text for the dropdown]»	after«»	cell0«»	head«»	owner«»	prev«p!»
HES1005	7.0	modal	X		«[M Modal] [Insert media item 49]»	after«Contraceptive Methods»	cell0«»	head«»	owner«»	prev«X»
HES1005	7.0	dragAndDrop	E		«[Drag and Drop Activity] [Media Item 54]»	after«»	cell0«»	head«»	owner«»	prev«X!»
HES1006	7.0	clickDrop	X		«[Click drop] [Heading for tab]»	after«Food and nutrition»	cell0«»	head«»	owner«»	prev«I»
HES1006	7.0	clickDrop	X		«[Click drop] [Heading for tab]»	after«Sexuality and Relationships»	cell0«»	head«»	owner«»	prev«e!»
HES1006	7.0	clickDrop	X		«[Click drop] [Heading for tab]»	after«Mental Health»	cell0«»	head«»	owner«»	prev«e!»
HIS1001	0.0	multiChoiceQuiz	E		«[Image to go in the right-hand column beside the m»	after«»	cell0«»	head«»	owner«»	prev«p»
HIS1002	11.0	modal	h p e I p X		«[Please insert a full width modal box with the sou»	after«»	cell0«»	head«Source A»	owner«»	prev«p»
HIS1002	11.0	modal	h p e I p X		«[Please insert a full-width modal box with the sou»	after«»	cell0«»	head«Source B»	owner«»	prev«p»
HIS1003	7.0	interactive	X		«[Interactive] Please create a button with link to »	after«**Audio of Toby Hill:** https:»	cell0«»	head«»	owner«»	prev«p»
HIS1003	7.0	interactive	X		«[Interactive] Please create a button to take stude»	after«: https://docs.google.com/docu»	cell0«»	head«»	owner«»	prev«X»
HIS1005	2.0	interactive	e h p p X		«[Interactive]»	after«please embed this video with a»	cell0«»	head«Source 2 – Ani Mikaere»	owner«»	prev«h»
HPFUN102	0.0	unclassified	h p T		«[Activity] Tick box – scavenger hunt. Can you plea»	after«»	cell0«»	head«Let’s go hunting!»	owner«»	prev«p»
HPFUN201	0.0	unclassified	h p I T		«[Interactive activity]»	after«»	cell0«»	head«Reflecting on your qualities»	owner«»	prev«p»
HPFUN402	0.0	unclassified	h p I T		«[Activity] Drag and drop»	after«»	cell0«»	head«Sports and the equipment required for the environment»	owner«»	prev«p»
HPRE203	7.0	dropDown	h p p p e e p p		«[dropbox]»	after«»	cell0«»	head«Share your learning»	owner«»	prev«p»
JPN1004	3.0	typing	X		«[Self-check Typing Short Answers]»	after«»	cell0«»	head«»	owner«»	prev«p»
JPN1004	5.0	selfCheck	X		«[MTK Quiz –Auto check]»	after«»	cell0«»	head«»	owner«»	prev«p»
JPN1004	6.0	typing	X		«[Typing Sentences Quiz Auto Check]»	after«»	cell0«»	head«»	owner«»	prev«e»
JPN1004	6.0	typing	X		«[Typing Quiz Paragraph Auto Check]»	after«»	cell0«»	head«»	owner«»	prev«T!»
JPN1004	9.0	dropDown	X		«[Dropdown Quiz – auto Check]»	after«»	cell0«»	head«»	owner«»	prev«p»
MUS1006	3.0	dropDown	E		«[DROPBOX] SUMMATIVE ASSESSMENT»	after«»	cell0«»	head«»	owner«»	prev«p»
MXDI201	3.0	carousel	X		«[slide show] [item #41]»	after«Split Strategy PowerPoint – Tw»	cell0«»	head«»	owner«»	prev«p»
MXEO202	1.0	selfCheck	X		«[Self check] Can we have the number of sides as a »	after«»	cell0«»	head«»	owner«»	prev«p»
MXEO202	1.0	dragAndDrop	X		«[drag and drop]»	after«Can we make something like thi»	cell0«»	head«»	owner«»	prev«X»
MXEO301	3.0	multiChoiceQuiz	E		«[Link for quiz]»	after«https://docs.google.com/docume»	cell0«»	head«»	owner«»	prev«e»
MXEO401	4.0	typing	X		«[Selfcheck] Questions here about each graph.»	after«»	cell0«»	head«»	owner«»	prev«I»
MXEX302	7.0	clickDrop	X		«[Click drop image]»	after«»	cell0«»	head«»	owner«»	prev«I»
MXEX302	7.0	clickDrop	X		«[Click drop image]»	after«»	cell0«»	head«»	owner«»	prev«X»
MXFU302	1.0	selectionBox	X		«[Inline checkbox activity] Answers in red]»	after«»	cell0«»	head«»	owner«»	prev«I»
MXFU302	1.0	selectionBox	X		«[Inline checkbox activity] Answers in red]»	after«»	cell0«»	head«»	owner«»	prev«X»
MXFU302	1.0	selectionBox	X		«[Inline checkbox activity] Answers in red]»	after«»	cell0«»	head«»	owner«»	prev«I»
MXFU302	3.0	multiChoiceQuiz	h p p p p p p p		«[Activity 3A Multichoice Check]»	after«»	cell0«»	head«**Understanding Expected Values in Sports**»	owner«»	prev«X!»
MXFU402	7.0	dropDown	E		«[upload to dropbox] [trigger engagement]»	after«»	cell0«»	head«»	owner«»	prev«p»
MXS1004	8.0	dropDown	E		«[Button][dropbox]»	after«»	cell0«»	head«»	owner«»	prev«h»
OSAI401	4.0	modal	X		«[modal button]»	after«https://drive.google.com/file/»	cell0«»	head«»	owner«»	prev«p!»
OSBY201	2.0	modal	E		«[modal]»	after«https://resource.netsafe.org.n»	cell0«»	head«»	owner«»	prev«p»
OSBY401	2.0	accordion	X		«[Accordion]»	after«»	cell0«»	head«»	owner«»	prev«T!»
OSOH101	2.0	modal	h p p p p X		«[modal]»	after«https://drive.google.com/file/»	cell0«»	head«Fun screen time limits»	owner«»	prev«I»
OSOH201	2.0	modal	X		«[modal] Please create a visual poster»	after«Student_Password_Manager_Guide»	cell0«»	head«»	owner«»	prev«p»
OSOH201	2.0	modal	E		«[modal]»	after«https://www.privacy.org.nz/ass»	cell0«»	head«»	owner«»	prev«X»
OSOH201	3.0	modal	X		«[modal]»	after«**Ākonga Online User Agreement»	cell0«»	head«»	owner«»	prev«p»
OSOH401	3.0	typing	X		«[typing self-check]»	after«Type your reflections on the f»	cell0«»	head«»	owner«»	prev«p»
OSOH401	3.0	modal	X		«[modal]»	after«Ākonga 13-15 Years Old Online »	cell0«»	head«»	owner«»	prev«p»
OSSC301	1.0	carousel	h p X		«[carousel/slideshow]»	after«https://docs.google.com/presen»	cell0«»	head«Which scam is it?»	owner«»	prev«p»
PES1008	7.0	tabs	X		«[tabs from PHO1031 lesson 1]»	after«»	cell0«»	head«»	owner«»	prev«e»
PHE1002	2.0	typing	E		«[Activity box - short answer typing box]»	after«»	cell0«»	head«»	owner«»	prev«X!»
PHE1003	7.0	tabs	h e p p p h p p		«[Tabs]»	after«»	cell0«»	head«Alofa/Aroha/Ofa/Aloha»	owner«»	prev«h»
PHE1003	10.0	multiChoiceQuiz	E		«[self-marked quiz - item 30]»	after«Activity 6 - Self Check Quiz»	cell0«»	head«»	owner«»	prev«e»
PHE1007	6.0	dropDown	h p p I p I p I		«[Individual activity – drop down quiz ] Dev – each»	after«»	cell0«»	head«Identify the energy system»	owner«»	prev«e»
PHE1008	5.0	clickDrop	h e p h e p h e		«[Click drop]»	after«»	cell0«»	head«Sport»	owner«»	prev«p»
SCCH301	6.0	flipCard	h X		«[Three flip cards next to each other, with H5 size»	after«»	cell0«»	head«Running hot water over a stuck jar lid often loosens it. Why»	owner«»	prev«p»
SCES201	1.0	radioQuiz	h p I ?		«[activity 1a] [radio quiz] [auto check]»	after«»	cell0«»	head«All about stars»	owner«»	prev«p»
SCES201	1.0	dragAndDrop	h e p p p p p p		«[Activity 1c] [download then drag and drop activit»	after«»	cell0«»	head«Maramataka wheel.»	owner«»	prev«X»
SCES201	2.0	dropDown	h p X		«[Activity 2b] [dropdown quiz paragraph]»	after«»	cell0«»	head«Puanga and Orion»	owner«»	prev«e»
SCES201	3.0	dropDown	h p I ?		«[activity 3b] [dropdown quiz] [self check]»	after«»	cell0«»	head«The Matariki whetū»	owner«»	prev«e»
SSCI205	9.0	dropDown	h p e e e p		«[Dropbox]»	after«»	cell0«»	head«Share your learning»	owner«»	prev«p!»
SSFUN02	0.0	interactive	X		«[Interactive] Please include this visual in the ri»	after«https://www.growingup.co.nz/no»	cell0«»	head«»	owner«»	prev«?»
SSFUN03	0.0	flipCard	I X		«[insert flip cards] Developer please place name of»	after«**The Pacific Ocean**The large»	cell0«»	head«»	owner«»	prev«e»
SSOG103	6.0	dropDown	h p e e e X		«[Dropbox]»	after«»	cell0«»	head«Share your learning»	owner«»	prev«p!»
TEDC401	4.0	multiChoiceQuiz	h X		«[self check quiz]»	after«»	cell0«»	head«**Design checkpoint**»	owner«»	prev«X!»
TEDC401	6.0	dropDown	h p e T		«[Activty / Dropbox] 6C»	after«»	cell0«»	head«**Share your learning**»	owner«»	prev«X!»
TEDC402	8.0	unclassified	h I T		«[Activity]»	after«**7H**»	cell0«»	head«**Quick check + reflection**»	owner«»	prev«p»
TEFUN05	0.0	carousel	T		«[Insert Carousel]»	after«»	cell0«»	head«»	owner«»	prev«p»
TEFUN05	0.0	multiChoiceQuiz	X		«[Go to quiz]»	after«»	cell0«»	head«»	owner«»	prev«p»
TEFUN05	0.0	multiChoiceQuiz	h p X		«[Free text box with file upload capability quiz] [»	after«»	cell0«»	head«Your turn»	owner«»	prev«p»
TEFUN06	0.0	clickDrop	X		«[Clickdrop]»	after«Compare your ideas with ours»	cell0«»	head«»	owner«»	prev«?»
TEFUN06	0.0	clickDrop	X		«[Clickdrop]»	after«Compare your ideas with ours»	cell0«»	head«»	owner«»	prev«?!»
TEFUN06	0.0	clickDrop	X		«[Clickdrop]»	after«Compare your ideas with ours»	cell0«»	head«»	owner«»	prev«?!»
TEFUN08	0.0	accordion	X		«[Accordion]»	after«Click here to see if you notic»	cell0«»	head«»	owner«»	prev«p»
TRR301	2.0	typing	X		«[Activity: Embedded] [typing – self check] Please »	after«»	cell0«»	head«»	owner«»	prev«T!»
TWHA902	0.0	unclassified	h I p T		«[Interactive activity] Drag and drop [Dev mix the »	after«»	cell0«»	head«Understanding body language»	owner«»	prev«p»
TWHA902	0.0	dragAndDrop	X		«[interactive: Drag and drop] Dev – answers align i»	after«»	cell0«»	head«»	owner«»	prev«p»
WJFUN109	0.0	selfCheck	X		«[self auto check]»	after«»	cell0«»	head«»	owner«»	prev«p»
WJFUN110	0.0	clickDrop	X		«[click drop]»	after«»	cell0«»	head«»	owner«»	prev«p»
WJFUN110	0.0	dragAndDrop	h X		«[Activity 1B] [drag and drop]»	after«»	cell0«»	head«Match it up!»	owner«»	prev«T!»
WJFUN113	0.0	dragAndDrop	h p p p p p p p		«[Activity 2A] [Drag and drop]»	after«»	cell0«»	head«Make a simile»	owner«»	prev«e»
WJFUN113	0.0	dragAndDrop	h p p p p p p p		«[Activity 2B] [drag and drop]»	after«»	cell0«»	head«Sound hunt!»	owner«»	prev«e»
WJFUN210	0.0	typing	h p p X		«[Activity 1B] [dropquiz] [self-check]»	after«»	cell0«»	head«Practice using figurative language»	owner«»	prev«X!»
WJFUN210	0.0	dragAndDrop	h p ?		«[Activity 2B] [drag and drop] [Self Check]»	after«»	cell0«»	head«Choosing effective words»	owner«»	prev«?»
WJFUN211	0.0	dropDown	h e e e I e I p		«[Activity 2A] [Dropdown quiz – Auto check] [Please»	after«»	cell0«»	head«Engaging the senses»	owner«»	prev«p»
WJFUN211	0.0	dropDown	h p p p p p ?		«[Activity 2B][Dropdown Quiz – Auto Check][Arrange »	after«»	cell0«»	head«Think Like the Reader»	owner«»	prev«p»
WJFUN304	0.0	multiChoiceQuiz	X		«[H3] [Activity 2A] [Multi-choice][Auto-marked sele»	after«Upgrade your sentences»	cell0«»	head«»	owner«»	prev«X!»
WJFUN305	0.0	dropDown	h p e p p p p ?		«[Activity 1A] [Dropdown quiz – Auto check] [Arrang»	after«»	cell0«»	head«Audience or Purpose?»	owner«»	prev«X»
WJFUN305	0.0	dropDown	h p p p p ?		«[Activity 2A] [Dropdown quiz – Auto check] [Arrang»	after«»	cell0«»	head«Form, Genre, or Style?»	owner«»	prev«p»
WJFUN305	0.0	dropDown	h p p p p ?		«[Activity 2C] [Dropdown Quiz – Auto Check] [arrang»	after«»	cell0«»	head«Why did the writer choose that?»	owner«»	prev«X»
WJFUN306	0.0	dropDown	h e p p p ?		«[Activity 2C] [Dropdown quiz – autocheck] [positio»	after«»	cell0«»	head«Codes and conventions»	owner«»	prev«X»
WJFUN307	0.0	dropDown	h p p p p p p ?		«[Activity 1A] [Dropdown Quiz – Auto Check] [Arrang»	after«»	cell0«»	head«Synonym strength»	owner«»	prev«p»
WJFUN307	0.0	dragAndDrop	h p e T		«[Activity 1B] [Drag and Drop]»	after«»	cell0«»	head«Choosing the best thesaurus suggestion»	owner«»	prev«X»
WJFUN307	0.0	selectionBox	h p p p p p ?		«[Activity 2A] [checkbox – Auto Check] [Arrange the»	after«»	cell0«»	head«Spot the language feature»	owner«»	prev«p»
WJFUN307	0.0	selectionBox	h p p p p p ?		«[Activity 2B] [checkbox – Auto Check] [Arrange the»	after«»	cell0«»	head«Choose the best language feature»	owner«»	prev«X»
WJFUN308	0.0	dropDown	h p p p p p p p		«[Activity 1B] [Dropdown Quiz – Auto Check] [Arrang»	after«»	cell0«»	head«The author's choice»	owner«»	prev«p»
XDLS501	2.0	dropDown	X		«[Dropbox If we could embed a dropbox capable of re»	after«»	cell0«»	head«»	owner«»	prev«X»
XDLS501	2.0	dropDown	X		«[Dropbox If we could embed a dropbox capable of re»	after«»	cell0«»	head«»	owner«»	prev«X»
XDLS501	2.0	dropDown	X		«[Dropbox If we could embed a dropbox capable of re»	after«»	cell0«»	head«»	owner«»	prev«X»
XDLS501	2.0	dropDown	X		«[Dropbox If we could embed a dropbox capable of re»	after«»	cell0«»	head«»	owner«»	prev«X»
XDLS501	2.0	dropDown	X		«[Dropbox If we could embed a dropbox capable of re»	after«»	cell0«»	head«»	owner«»	prev«e»
XDLS501	2.0	dropDown	X		«[Dropbox If we could embed a dropbox capable of re»	after«»	cell0«»	head«»	owner«»	prev«X»
XDLS501	2.0	dropDown	X		«[Dropbox If we could embed a dropbox capable of re»	after«»	cell0«»	head«»	owner«»	prev«X»
XDLS501	2.0	dropDown	X		«[Dropbox If we could embed a dropbox capable of re»	after«»	cell0«»	head«»	owner«»	prev«X»
XDLS501	3.0	dropDown	h e h e X		«[Dropbox If we could embed a dropbox capable of re»	after«»	cell0«»	head«Mindful Behavior»	owner«»	prev«e»
XDLS501	3.0	dropDown	E		«[Dropbox If we could embed a dropbox capable of re»	after«»	cell0«»	head«»	owner«»	prev«X»
XDLS501	4.0	dropDown	e X		«[Dropbox If we could embed a dropbox capable of re»	after«»	cell0«»	head«»	owner«»	prev«e»
XDLS501	4.0	dropDown	E		«[Dropbox If we could embed a dropbox capable of re»	after«»	cell0«»	head«»	owner«»	prev«X»
XDLS501	5.0	dropDown	h e X		«[Dropbox If we could embed a dropbox capable of re»	after«»	cell0«»	head«Mindfully sharing ideas and information»	owner«»	prev«e»
XDLS501	5.0	dropDown	E		«[Dropbox If we could embed a dropbox capable of re»	after«»	cell0«»	head«»	owner«»	prev«X»
XDLS501	6.0	dropDown	e X		«[Dropbox If we could embed a dropbox capable of re»	after«»	cell0«»	head«»	owner«»	prev«e»
XDLS501	6.0	dropDown	E		«[Dropbox If we could embed a dropbox capable of re»	after«»	cell0«»	head«»	owner«»	prev«X»
XDLS501	7.0	dropDown	E		«[Dropbox If we could embed a dropbox capable of re»	after«»	cell0«»	head«»	owner«»	prev«X»
XDLS502	0.0	flipCard	X		«[flipcards]»	after«»	cell0«»	head«»	owner«»	prev«e»
XDLS901	1.0	dropDown	X		«[dropbox buttons] video, camera, microphone»	after«»	cell0«»	head«»	owner«»	prev«p»
XDLS901	1.0	dropDown	X		«[dropbox buttons] video, camera, microphone»	after«»	cell0«»	head«»	owner«»	prev«p»
XDLS901	1.0	dropDown	X		«[dropbox buttons] video, camera, microphone»	after«»	cell0«»	head«»	owner«»	prev«p!»
XDLS901	1.0	dropDown	E		«[dropbox buttons] video, camera, microphone»	after«»	cell0«»	head«»	owner«»	prev«p»
XDLS901	2.0	dropDown	X		«[dropbox buttons] video, camera, microphone»	after«»	cell0«»	head«»	owner«»	prev«p»
XDLS901	2.0	dropDown	E		«[dropbox buttons] video, camera, microphone»	after«»	cell0«»	head«»	owner«»	prev«p»
XDLS901	3.0	dropDown	X		«[dropbox buttons] video, camera, microphone»	after«»	cell0«»	head«»	owner«»	prev«p»
XDLS901	3.0	dropDown	E		«[dropbox buttons] video, camera, microphone»	after«»	cell0«»	head«»	owner«»	prev«p»
XDLS901	4.0	dropDown	X		«[dropbox buttons] video, camera, microphone»	after«»	cell0«»	head«»	owner«»	prev«p»
XDLS902	1.0	clickDrop	X		«[Click Drop 2]»	after«**Explain:**»	cell0«»	head«»	owner«»	prev«p»
XDLS902	1.0	clickDrop	X		«[Click Drop 3]»	after«**Do:**»	cell0«»	head«»	owner«»	prev«p»
XDLS902	2.0	clickDrop	X		«[Click Drop 3]»	after«**Do:**»	cell0«»	head«»	owner«»	prev«p»
XDLS902	4.0	clickDrop	X		«[Click Drop 5]»	after«**Create**»	cell0«»	head«»	owner«»	prev«p»
XDLS902	6.0	clickDrop	X		«[Click Drop 2]»	after«**Explain:**»	cell0«»	head«»	owner«»	prev«e»
XDLS902	6.0	clickDrop	X		«[Click Drop 5]»	after«**Create**»	cell0«»	head«»	owner«»	prev«p»
XDLS906	1.0	clickDrop	X		«[Click Drop Activities x 6]»	after«»	cell0«»	head«»	owner«»	prev«p»
XDLS906	2.0	clickDrop	X		«[Click Drop Activities x 6]»	after«»	cell0«»	head«»	owner«»	prev«p»
XDLS906	3.0	clickDrop	X		«[Click Drop Activities x 6]»	after«»	cell0«»	head«»	owner«»	prev«p»
XDLS906	4.0	clickDrop	X		«[Click Drop Activities x 6]»	after«»	cell0«»	head«»	owner«»	prev«p»
XDLS906	5.0	clickDrop	X		«[Click Drop Activities x 6]»	after«»	cell0«»	head«»	owner«»	prev«p»
XDLS906	6.0	clickDrop	X		«[Click Drop Activities x 6]»	after«»	cell0«»	head«»	owner«»	prev«p»
XDLS906	7.0	clickDrop	X		«[Click Drop Activities x 6]»	after«»	cell0«»	head«»	owner«»	prev«p»
XDLS909	1.0	clickDrop	X		«[Click Drop 3] Compare»	after«»	cell0«»	head«»	owner«»	prev«e»
XDLS909	2.0	clickDrop	X		«[Click Drop 3] Compare»	after«»	cell0«»	head«»	owner«»	prev«p»
XDLS909	2.0	clickDrop	X		«[Click Drop 5] Judge»	after«»	cell0«»	head«»	owner«»	prev«p»
XDLS909	3.0	clickDrop	X		«[Click Drop 3] Compare»	after«»	cell0«»	head«»	owner«»	prev«p»
XDLS909	4.0	clickDrop	X		«[Click Drop 2] Explain and do»	after«»	cell0«»	head«»	owner«»	prev«p»
XDLS909	4.0	clickDrop	X		«[Click Drop 3] Compare»	after«»	cell0«»	head«»	owner«»	prev«p!»
XDLS909	4.0	clickDrop	X		«[Click Drop 5] Judge»	after«»	cell0«»	head«»	owner«»	prev«e»
XDLS912	1.0	dropDown	X		«[dropbox buttons] camera and video»	after«»	cell0«»	head«»	owner«»	prev«p»
XDLS912	1.0	dropDown	X		«[dropbox buttons] camera and video»	after«»	cell0«»	head«»	owner«»	prev«p»
XDLS912	2.0	dropDown	X		«[Dropbox buttons] Video and camera»	after«»	cell0«»	head«»	owner«»	prev«p!»
XDLS912	3.0	dropDown	X		«[Dropbox buttons] Camera and video»	after«»	cell0«»	head«»	owner«»	prev«p»
XDLS912	3.0	dropDown	X		«[Dropbox buttons] Video and camera»	after«»	cell0«»	head«»	owner«»	prev«p»
XDLS912	4.0	dropDown	X		«[Dropbox buttons] camera and video»	after«»	cell0«»	head«»	owner«»	prev«p»
XDLS912	5.0	dropDown	X		«[dropbox buttons] Camera and video»	after«»	cell0«»	head«»	owner«»	prev«p»
XDLS912	5.0	dropDown	X		«[dropbox buttons] Video and camera»	after«»	cell0«»	head«»	owner«»	prev«p!»
XGF9001	4.0	multiChoiceQuiz	h p p p p h p p		«[Quiz]»	after«»	cell0«»	head«1. When faced with a big challenge, you:»	owner«»	prev«p»
XGF9001	5.0	dropDown	X		«[Dropbox]»	after«»	cell0«»	head«»	owner«»	prev«p»
XGF9001	6.0	dropDown	h p p p p p		«[Upload Journal to Dropbox]»	after«»	cell0«»	head«What have we learned and where to next?»	owner«»	prev«e»
XGF9003	1.0	modal	h X		«[Pop-out]»	after«Tasks that need immediate atte»	cell0«»	head«**Do this later**»	owner«»	prev«h»
XGF9003	1.0	modal	h X		«[Pop-out]»	after«Tasks that are important for y»	cell0«»	head«**Delegate this**»	owner«»	prev«h»
XGF9003	1.0	modal	h X		«[Pop-out]»	after«These are tasks that need imme»	cell0«»	head«**Delete this**»	owner«»	prev«h»
XGF9003	1.0	modal	h p X		«[Pop-out]»	after«Tasks that are neither urgent »	cell0«»	head«Putting the Eisenhower Matrix into practice»	owner«»	prev«h»
XGF9004	8.0	dropDown	h p p p p h p p		«[Upload to dropbox.]»	after«»	cell0«»	head«What have we learned?»	owner«»	prev«e»
XGF9004	13.0	dropDown	h p p h p X		«[Upload to dropbox.]»	after«»	cell0«»	head«What have we learned in Awa Whakaaro | River of Thought?»	owner«»	prev«p»
XGF9004	17.0	dropDown	h p p I X		«[Upload to dropbox.]»	after«»	cell0«»	head«What have we learned?»	owner«»	prev«e»
XGF9004	17.0	dropDown	h h p h p X		«[Upload to dropbox.]»	after«»	cell0«»	head«Bringing it All Together»	owner«»	prev«e»
XLP03	4.0	dragAndDrop	X		«[insert drag and drop interactive]»	after«»	cell0«»	head«»	owner«»	prev«I»
XLP04	3.0	clickDrop	X		«[insert accordion click and drop]»	after«»	cell0«»	head«»	owner«»	prev«h»
XLP05	2.0	reorder	h p I p e p e p		«[Reorder interactive – with images]»	after«»	cell0«»	head«Evening schedule»	owner«»	prev«e»
XLP05	5.0	multiChoiceQuiz	h p p p p p ?		«[Multi choice quiz]»	after«»	cell0«»	head«Quiz time»	owner«»	prev«p»
XMES101	1.0	dropDown	X		«[Camera and video dropbox buttons]»	after«»	cell0«»	head«»	owner«»	prev«p»
XMES101	3.0	dropDown	X		«[camera dropbox button]»	after«»	cell0«»	head«»	owner«»	prev«p!»
XMES101	6.0	dropDown	X		«[camera dropbox button]»	after«»	cell0«»	head«»	owner«»	prev«p!»
XMES101	6.0	dropDown	X		«[camera dropbox button]»	after«»	cell0«»	head«»	owner«»	prev«p!»
XMES101	8.0	dropDown	X		«[microphone and video dropbox buttons]»	after«»	cell0«»	head«»	owner«»	prev«p!»
XMES101	8.0	dropDown	h p e p e		«[camera dropbox button]»	after«»	cell0«»	head«Matariki song»	owner«»	prev«p!»
XMES103	1.0	dropDown	X		«[insert Dropbox] microphone.»	after«»	cell0«»	head«»	owner«»	prev«p!»
XMES103	1.0	dropDown	X		«[Dropbox Button] camera, video, microphone»	after«»	cell0«»	head«»	owner«»	prev«p!»
XMES103	2.0	dropDown	X		«[insert dropbox button] camera, video.»	after«»	cell0«»	head«»	owner«»	prev«p!»
XMES103	2.0	dropDown	X		«[Dropbox Button] camera, video.»	after«»	cell0«»	head«»	owner«»	prev«p»
XMES103	3.0	dropDown	X		«[Dropbox Button] microphone, camera, video.»	after«»	cell0«»	head«»	owner«»	prev«p»
XMES103	3.0	dropDown	X		«[Dropbox Button] camera, video.»	after«»	cell0«»	head«»	owner«»	prev«p»
XMES103	4.0	dropDown	X		«[Dropbox Button] Microphone»	after«»	cell0«»	head«»	owner«»	prev«p!»
XMES103	5.0	dropDown	X		«[Dropbox Button] camera, video.»	after«»	cell0«»	head«»	owner«»	prev«p!»
XMES201	1.0	dropDown	X		«[insert dropbox icon for microphone and video]»	after«»	cell0«»	head«»	owner«»	prev«p!»
XMES201	1.0	dropDown	X		«[insert dropbox icon for microphone and video]»	after«»	cell0«»	head«»	owner«»	prev«p»
XMES201	2.0	dropDown	X		«[insert dropbox icon for microphone and video]»	after«»	cell0«»	head«»	owner«»	prev«p»
XMES201	2.0	dropDown	X		«[insert dropbox link for microphone, camera and vi»	after«»	cell0«»	head«»	owner«»	prev«p»
XMES203	1.0	dropDown	X		«[insert dropbox icon for microphone and video]»	after«»	cell0«»	head«»	owner«»	prev«p»
XMES203	1.0	dropDown	X		«[insert dropbox icon for microphone and video]»	after«»	cell0«»	head«»	owner«»	prev«p»
XMES203	2.0	dropDown	X		«[insert dropbox icon for microphone and video]»	after«»	cell0«»	head«»	owner«»	prev«p»
XMES203	2.0	dropDown	X		«[insert dropbox icon for microphone and video]»	after«»	cell0«»	head«»	owner«»	prev«p!»
XMES203	3.0	dropDown	X		«[insert dropbox icon for microphone and video]»	after«»	cell0«»	head«»	owner«»	prev«p!»
XMES203	3.0	dropDown	X		«[insert dropbox icon for photograph and video]»	after«»	cell0«»	head«»	owner«»	prev«p»
XMES203	4.0	dropDown	X		«[insert dropbox icon for microphone and video]»	after«»	cell0«»	head«»	owner«»	prev«p!»
XMES203	4.0	dropDown	X		«[insert dropbox icon for microphone and video]»	after«»	cell0«»	head«»	owner«»	prev«p!»
XMES203	4.0	dropDown	X		«[insert dropbox icon for photographs]»	after«»	cell0«»	head«»	owner«»	prev«T!»
XMES203	4.0	dropDown	X		«[insert dropbox icon for microphone and video]»	after«»	cell0«»	head«»	owner«»	prev«p»
XMES203	4.0	dropDown	X		«[insert dropbox icon for microphone and video]»	after«»	cell0«»	head«»	owner«»	prev«T!»
XMES203	5.0	dropDown	X		«[insert dropbox icon for microphone and video]»	after«»	cell0«»	head«»	owner«»	prev«p»
XTAS101	1.0	dropDown	h p X		«[insert dropbox button] Microphone»	after«»	cell0«»	head«Sorting»	owner«»	prev«p»
XTAS101	1.0	dropDown	X		«[insert dropbox link] photo/video»	after«»	cell0«»	head«»	owner«»	prev«p»
XTAS101	1.0	dropDown	h p p I X		«[insert dropbox link] Photo»	after«»	cell0«»	head«Where does my special interest belong?»	owner«»	prev«p!»
XTAS101	2.0	dropDown	X		«[insert Dropbox link] microphone/video/photo»	after«»	cell0«»	head«»	owner«»	prev«p»
XTAS101	2.0	dropDown	X		«[insert dropbox link] photo/video»	after«»	cell0«»	head«»	owner«»	prev«p»
XTAS101	3.0	dropDown	X		«[insert dropbox link] photo/video»	after«»	cell0«»	head«»	owner«»	prev«p»
XTAS102	1.0	dropDown	X		«[insert dropbox icon for photographs]»	after«»	cell0«»	head«»	owner«»	prev«p!»
XTAS102	1.0	dropDown	X		«[insert dropbox icon for video]»	after«»	cell0«»	head«»	owner«»	prev«p!»
XTAS102	2.0	dropDown	X		«[insert dropbox icon for photographs and video]»	after«»	cell0«»	head«»	owner«»	prev«p!»
XTAS102	2.0	dropDown	X		«[insert dropbox icon for photographs and video]»	after«»	cell0«»	head«»	owner«»	prev«p!»
XTAS102	2.0	dropDown	h p p p X		«[insert dropbox icon for photographs and video]»	after«»	cell0«»	head«Matching pairs»	owner«»	prev«p!»
XTAS102	2.0	dropDown	X		«[insert dropbox icon for photographs and video]»	after«»	cell0«»	head«»	owner«»	prev«p»
XTAS102	3.0	dropDown	X		«[insert dropbox icon for photographs and video]»	after«»	cell0«»	head«»	owner«»	prev«p»
XTAS102	4.0	dropDown	X		«[insert dropbox icon for photographs and video]»	after«»	cell0«»	head«»	owner«»	prev«p»
XTAS102	4.0	dropDown	X		«[insert dropbox icon for photographs and video]»	after«»	cell0«»	head«»	owner«»	prev«p»
XTAS102	5.0	dropDown	X		«[insert dropbox icon for photographs]»	after«»	cell0«»	head«»	owner«»	prev«I!»
XTAS103	1.0	dropDown	X		«[insert dropbox icon for video]»	after«»	cell0«»	head«»	owner«»	prev«p»
XTAS103	2.0	dropDown	X		«[insert dropbox icon for photographs]»	after«»	cell0«»	head«»	owner«»	prev«p»
XTAS103	2.1	dropDown	X		«[insert dropbox icon for photographs]»	after«»	cell0«»	head«»	owner«»	prev«p»
XTAS103	3.0	dropDown	X		«[insert dropbox icon for photographs and video]»	after«»	cell0«»	head«»	owner«»	prev«I»
XTAS103	3.0	dropDown	X		«[insert dropbox icon for video]»	after«»	cell0«»	head«»	owner«»	prev«p»
XTAS103	4.0	dropDown	X		«[insert dropbox icon for video]»	after«»	cell0«»	head«»	owner«»	prev«p»
XTAS103	4.0	dropDown	X		«[insert dropbox icon for video]»	after«»	cell0«»	head«»	owner«»	prev«p»
