AGH1006	2.0	flipCard	3x2	0	0	[interactive: Flipcard]		 | **Land preparation:** This takes place i	 | **Sowing methods:** Seeds are sown into 	4	[]			distinct	0
AGH1006	2.0	flipCard	6x2	0	0	[Interactive: Infographic type or Flip card]		 | **Selecting the Plant Material:** Choose	 | **Preparation of Cutting:** Use sharp, c	2	[]			distinct	0
AGH1006	2.0	flipCard	6x2	0	0	[Interactive: Infographic type or Flip card]		 | **Selecting Rootstock:** Choose a health	 | **Selecting Scion:** Choose a plant or b	3	[]			distinct	0
AGH1006	6.0	flipCard	3x2	0	0	[interactive: flipcard]		 | **Mulching:** Mulching involves covering	 | **Mechanical Weed Control:** Involves us	2	[]			distinct	0
AGH1006	8.0	flipCard	2x2	0	0	[interactive: flip cards]		 | **Chewing pests:** Snails, slugs, caterp	 | **Sucking pests:** Aphids, whitefly, thr	4	["flipCard"]			distinct	0
AGH1009	1.0	flipCard	3x2	0	0	[interactive: flip card]		 | **Partnership (Partnership principle):**	 | **Cultural recognition (Cultural recogni	5	[]			distinct	0
ANZH205	3.0	flipCard	6x2	0	0	[Activity: flip cards]	Activity 3A: Te tiriti transport	Front | Back	• How was the treaty transported? | Te Tiriti o Waitangi was transported by 	6	[]			distinct	5
ARFUN02	0.0	flipCard	3x2	6	0	[Create Flip cards] [ Please add/source audio to t		Image of a [Item 10] Race Car/ Sound “Zo | Image of a [Item 11] Turtle/ Slow motion	Image of a [Item 12] Rabbit/ ‘Hippity Ho | Image of a [Item 13] Snail/ slower motio	2	[]	0,1,2		distinct	2
ARFUN02	0.0	flipCard	3x3	6	0	[Insert the images as flip cards] [Please Source A	Activity template	**Low Pitch** | **Medium Pitch** | **High Pitch**	[Item 26] Drum | [Item 27] Horse neighing | [Item 28] Mouse squeaks	3	[]	1,2	bold0	distinct	0
ARFUN04	0.0	flipCard	5x2	0	0	[insert flip cards]		**Terms** | **Definitions**	1. Focal Point | a. The area in an artwork that captures 	3	[]		bold0	distinct	4
BLL114	1.0	flipCard	8x2	7	7	[Flip card]	Look at the picture and say what it is and then sa	What is this? | How many syllables?	https://www.istockphoto.com/vector/house | House / 1 syllable	3	[]	1,2,3,4,5,6,7		distinct	7
BLL162	1.0	flipCard	4x4	0	8	[Flip cards] The picture is next to its starting l		ch | https://www.istockphoto.com/photo/crinkl | sh | https://www.istockphoto.com/photo/sheep-	th | https://www.istockphoto.com/vector/13-nu | f | https://www.istockphoto.com/photo/frog-e	2	[]			distinct	0
BLL171	2.0	flipCard	3x3	0	0	[flip cards]		If you could create a new ice cream flav | Would you rather be able to fly like a b | If you had a magic remote control, what 	If animals could talk, which one do you  | Do you think pancakes would taste better | If you could swap places with any charac	2	[]			distinct	0
BLL172	1.0	flipCard	6x2	0	6	[flip cards]		ou | https://www.istockphoto.com/vector/vecto	ai | https://www.istockphoto.com/vector/rain-	2	[]			distinct	5
BLL225	1.0	flipCard	4x4	0	8	[flip cards]		carrots | snail | keys | lizard	https://www.istockphoto.com/vector/sauce | pancakes | https://www.istockphoto.com/photo/carrot | https://www.istockphoto.com/photo/snail-	2	[]			distinct	0
BLL226	1.0	flipCard	3x3	0	0	[flip cards]		What would you do if you woke up one mor | If you could have a tree that grows any  | What would you do if you found a magic d	What do you think chickens think about? | If you could have any job in the world,  | If a dog could change into any other ani	2	[]			distinct	0
BLL230	0.0	flipCard	4x3	0	0	[flipcards]		town | rainbow | down	grow | drown | snow	2	[]			distinct	0
BLL236	1.0	flipCard	13x4	15	12	[flipcards] Can we have the sound on the front and		 | Sound on the front | Image on the back | Word on the back	[flipcard 1] | oa | https://www.istockphoto.com/photo/toast- | t**oa**st	2	[]	0,1,2,3,4,5,6,7,8,9,10,11,12		distinct	0
BLL237	1.0	flipCard	13x4	15	12	[flipcards] Can we have the sound on the front and		 | Sound on the front | Image on the back | Word on the back	[flipcard 1] | oa | https://www.istockphoto.com/photo/westha | b**oa**ts	2	[]	0,1,2,3,4,5,6,7,8,9,10,11,12		distinct	0
BLL240	1.1	flipCard	3x3	0	0	[Flipcards]		white | who | whiskers	whirl | whizz | whole	2	[]			distinct	0
BLL240	1.2	flipCard	3x3	0	0	[Flipcards] Can we create flip cards that flip for		watch | itch | crutch	hatch | patch | match	2	[]			distinct	0
BLL240	1.3	flipCard	3x3	0	0	[Flipcards] Can we create flip cards that open for		fridge | edge | lodge	fudge | ledge | hedge	2	[]			distinct	0
BLL240	1.4	flipCard	3x3	0	0	[Flipcards] Can we create flip cards that open for		hair | fair | chairs	flair | repair | fairy	2	[]			distinct	0
BLL240	1.5	flipCard	3x3	0	0	[Flipcards] Can we create flip cards that open for		tear | fear | beard	wear | spear | year	2	[]			distinct	0
BLL240	1.6	flipCard	2x3	0	0	[Flipcards] Can we create flip cards that open for		there | here | where	sphere | interfere | nowhere	2	[]			distinct	0
BLL240	1.7	flipCard	3x3	0	0	[Flipcards] Can we create flip cards that open for		peer | steer | beer	career | deer | meerkat	2	[]			distinct	0
BLL242	1.0	flipCard	5x4	4	8	[Flipcards]		[Image] | Info for flipped side | [Image] | Info for flipped side	https://media.istockphoto.com/id/2232286 | Deer – animal. / We saw a deer in the fo | https://media.istockphoto.com/id/2218445 | Dear – loved and special. / My mother is	2	[]	0		distinct	0
BLLR202	1.1	flipCard	3x2	2	0	[flipcards]		Text for the outer side | Text for the flipped side	ea | break / great / steak	2	[]	0		distinct	2
BLLR202	3.0	flipCard	7x3	3	6	[flipcards] Please arrange in two lines of three i		On outer facing card | Image for outer facing side | Text for flipped side	observant | https://www.istockphoto.com/photo/little | Good at noticing small details. / *Sam i	2	[]	0		distinct	0
BLLR203	1.0	flipCard	3x2	0	0	[flipcards]		Text for the outer side | Text for the flipped side	y | happy / funny / sunny / windy / baby	2	[]			distinct	2
BLLR203	3.0	flipCard	7x3	3	6	[flipcards] Please arrange in two lines of three i		On outer facing card | Image for outer facing side | Text for flipped side	rangers | https://www.istockphoto.com/photo/forest | People who look after animals and the la	2	[]	0		distinct	0
CEDK101	0.0	flipCard	7x2	0	0	[Flip Cards]		Image | Text on the back of each image	 | **Candle Lamp:** A long time ago, before	2	[]			distinct	0
CEDK102	0.0	flipCard	3x6	12	6	[Flip cards]		[image front] / https://www.istockphoto. | [body back][H4] / Capture memories | [image front] / https://www.istockphoto. | [body back][H4] / Something beautiful | [image front] / https://www.istockphoto. | [body back][H4] / Capture memories		2	[]	0,2		distinct	0
CEDK501	7.0	flipCard	2x3	6	3	[Flipcards]		At school / [Image] iStock: Friends Stud | At work / [Image] iStock: Teamwork in of | In your whānau or community / [Image] iS	[Reverse] / • Completing a group project | [Reverse] / • Collaborating on a workpla | [Reverse] / • At a marae wānanga. / • Pl	2	[]	0,1		distinct	0
CEDK501	10.0	flipCard	4x3	12	6	[Flipcards]		[Front of card] / [Image] iStock: Cartoo | [Front of card] / [Image] iStock: https: | [Front of card] / [Image] iStock: Group 	[Back] / Invite others to share their id | [Back] / Give everyone the space to cont | [Back] / Make sure no one feels left out	2	[]	0,1,2,3		distinct	0
CEDK501	6.1	flipCard	2x3	6	0	[Flipcards] [Question on back, answer on front.]		What does turning up mean? / [Reverse] B | What does ‘following through’ look like? | How can I show reliability? / [Reverse] 	What does showing effort mean? / [Revers | How can I support others? / [Reverse] En | Why is clear communication commitment? [	2	[]	0,1		distinct	0
CEDO102	0.0	flipCard	7x3	0	6	[Flip Cards] – Can we please have the image and th		Image | Title | Explanation	https://www.istockphoto.com/photo/flound | **Concealing colouration** | **Concealing colouration** is when an an	3	[]			distinct	0
CEDO102	0.0	flipCard	4x2	0	3	[Flip Cards]		Image | Text when the image is flipped	https://www.istockphoto.com/photo/damage | The water in the ocean is getting warmer	2	[]			distinct	3
CEDO202	0.0	flipCard	8x2	0	0	[insert the below table as flip cards (make these 		The temperature gets colder in winter as | Make a shape with your body to show you 	Some animals hibernate during winter to  | Make a shape with your body as if you ar	5	[]			distinct	7
CEDO301	6.0	flipCard	3x2	3	3	[Flipcards]		[image] / Traditional Chinese medicine / | Traditional Chinese medicine involves ac	[image] / Traditional Aboriginal healing | Aboriginal people use plant medicine, ma	3	[]	0,1,2		distinct	2
CEDO501	2.0	flipCard	2x5	10	5	[Flipchart]		[Front] / **Wages** / [Image] iStock: Yo | [Front] / **Salary** / [Image] iStock: L | [Front] / **Commission** / [Image] iStoc | [Front] / **Tips** / [Image] iStock. NZD | [Front] / **Self- employment** / [Image]	[Back] / Money paid for the hours you wo | [Back] / A fixed annual amount that is p | [Back] / Extra pay you earn on top of yo | [Back] / Money given by customers for go | [Back] / Payments you receive for work o	2	[]	0,1		distinct	0
CEDO501	2.1	flipCard	2x5	10	5	[Flipchart]		[Front] / **Government benefits** [Image | [Front] / **Interest on savings** / [Ima | [Front] / **Investments** / [Image] iSto | [Front] / **Rent you receive** / [Image] | [Front] / **Gifts or grants** / [Image] 	[Back] / Payments from the government th | [Back] / Money the bank pays you for kee | [Back] / Money earned from owning things | [Back] / Income earned from letting some | [Back] / Money given to you that you don	2	[]	0,1		distinct	0
CEDO501	3.0	flipCard	4x3	12	6	[Flipcards]		[Front of card] / [Image] Wikipedia Comm | [Front of card] / [Image] Wikipedia Comm | [Front of card] / [Image] Wikipedia Comm	[Back of the card] / Google Chrome | [Back of the card] / Safari | [Back of the card] / Microsoft Edge	2	[]	0,1,2,3		distinct	0
CEDO501	8.0	flipCard	4x3	12	6	[Flip chart]		[Front] Ability to meet future costs / [ | [Front] Reducing financial stress / [Ima | [Front] Avoiding more debt / [Image] iSt	[Back] / Planning ahead helps you cover  | [Back] / Knowing what adjustments you’ll | [Back] / By budgeting early and cutting 	2	[]	0,1,2,3		distinct	0
CEDO502	1.1	flipCard	2x3	6	3	[Flip cards]		[Front] / [Image] iStock. Education Loan | [Front] / [Image] iStock. Man using comp | [Front] / [Image] iStock. Hand holds a c	[Back] Using a student loan to pay for s | [Back] Using a credit card to buy clothe | [Back] Taking out a car loan to get to w	2	[]	0,1		distinct	0
CEDO502	3.0	flipCard	1x3	3	3	[Flipcards]		**Your income** / [Image: iStock: human  | **Your spending** / Image: iStock: human | **3. Your credit history** / Image: iSto		2	[]	0		distinct	0
CEDO502	5.0	flipCard	2x2	4	4	[Flipcards]		**What is a closed question?** / Image:  | **What is an open question?** / Image: i	Why use closed questions? / Image: iStoc | Why use open questions? / Image: iStock:	2	[]	0,1		distinct	1
CEDR501	1.0	flipCard	1x2	2	2	[Flipcards]		[Front] One-to-one interview / Image: iS | [Front] Panel interview / Image: iStock:		2	[]	0		distinct	0
CEDR501	3.0	flipCard	2x4	8	8	[Flipcards]		[Front] To summarise information / Image | [Front] To record new information / [Ima | [Front] To revise information / [Image:  | [Front] To recall information / [Image: 	[Front] To organise your thoughts / Imag | [Front] To keep track of research Image: | [Front] To reflect on learning / Image:  | [Front] To help concentration Image: iSt	2	[]	0,1		distinct	0
CEDR501	3.0	flipCard	2x4	8	0	[Flipcards] (please use the same images as above)		[Front] **To summarise information** / [ | [Front] **To record new information** /  | [Front] **To revise information** / [Rev | [Front] **To recall information** / [Rev	[Front] **To organise your thoughts** /  | [Front] **To keep track of research** [R | [Front] **To reflect on learning** / [Re | [Front] **To help concentration** / [Rev	2	[]	0,1		distinct	0
CEDR501	4.0	flipCard	1x2	2	2	[Flip cards] Image and title on front, text on the		Pānui 1: Aiko arrives early Image: iStoc | Pānui 2: Taika is late / Image: iStock: 		2	[]	0		distinct	0
CEDR501	5.0	flipCard	1x3	3	3	[Flipcards]		**Partnership** / [Image]: iStock: hands | **Protection** / [Image]: iStock: hand h | **Participation** / [Image]: iStock: han		2	[]	0		distinct	0
CEDT501	1.0	flipCard	6x3	18	6	[Flipcards]		**Exclusion** [On front] | **Cyberstalking** [On front] | **Outing** [On front]	[On front] image;iStock: A group of stud | [On front] image;iStock: photo hacker *h | [On front] image;iStock: Fingers pointin	2	[]	0,1,2,3,4,5		distinct	0
CEDT501	5.0	flipCard	2x4	4	4	[Flipcards]		**Passive** / Image; sand young girl is  | **Aggressive** / Image; bullying agressi | **Indirect** / Image; young girl and arr | **Assertive** / Image; iStock: happy tee	• usually end up with the other person g | • get their own way without considering  | • have trouble saying what they mean or  | • are open and honest, while respecting 	2	[]	0		distinct	0
CEDT501	5.1	flipCard	4x4	8	8	[flipcards] Picture and title on the front, explan		Image; iStock; Family meal with two chil | Image; istock; group of people https://w | Image; iStock; Men and women look at the | Image; iStock; Supermarket manager givin	**Culture is a set of values, beliefs an | **Status refers to a person’s place in a | **Gender is how you see yourself** – **l | **Age refers to how young or old someone	2	[]	0,2		distinct	0
CEDT501	6.0	flipCard	1x4	4	4	[Flipcards]		Eye contact / Image: iStock: small asian | Facial expressions / Image: iStock: mult | Gesture / Image: iStock: young teenage g | Posture / Image: iStock: https://www.ist		2	[]	0		distinct	0
CEDT501	7.0	flipCard	1x4	4	4	[Flipcards]		Image: iStock: father and son enjoying f | Image: iStock: female forklift driver: h | Image: iStock: two young adults on a dat | Image: iStock: conversation of two baske		2	[]	0		distinct	0
CEDT501	7.0	flipCard	1x3	3	0	[Flipcards]		“Oh well, I’ll just try to figure it out | “You didn’t explain it properly. How do  | “Hey, I really want to make sure I get t		2	[]	0		distinct	0
CEDT501	7.0	flipCard	1x3	3	0	[Flipcards]		No response, maybe even reacting with an | “Can we leave that stuff out? Making fun | “You lot are actually pathetic. That’s s		2	[]	0		distinct	0
CEDW501	1.0	flipCard	4x3	10	5	[Please present this flip chart in circles as sugg		[Image] istock: Grandfather and grandson | [Image] istock: In the hands of trees gr | [Image] istock: Maori female warriors ca	[Opposite side] / **Hospitality and care | [Opposite side] / **Guardianship and ste | [Opposite side] / **Unity and togetherne	2	[]	0,1,2,3		distinct	0
CEDW501	2.0	flipCard	1x4	4	4	[Flipcards]		**Taha tinana** / Image: iStock: wood pi | **Taha hinengaro** / Image: iStock: natu | **Taha whānau** / Image: iStock: bipolar | **Taha wairua** / Image: iStock: mindful		2	[]	0		distinct	0
CEDW501	3.0	flipCard	4x4	16	0	[Flipchart] [Audio of the kupu on the front to pla		[Front of flipcard] / **Tupuna/tipuna** | [Front of flipcard] / **Kuia** | [Front of flipcard] / **Koroua** | [Front of flipcard] / **Karanipā**	[Back of flipcard] / **Tūpuna/tīpuna** / | [Back of flipcard] / **Kuia** / *Respect | [Back of flipcard] / **Koroua** / *Respe | [Back of flipcard] / **Karanipā** / *Mal	2	[]	0,1,2,3		distinct	0
CEDW501	3.0	flipCard	4x4	16	0	[Flipcards] [Audio of the kupu on the front to pla		[Front of flipcard] / **Matua** | [Front of flipcard] / **Whaea/Kōkā** | [Front of flipcard] / **Māmā whakaangi** | [Front of flipcard] / **Pāpā whakaangi**	[Back of flipcard] / **Matua** / Father, | [Back of flipcard] / **Whaea/Kōkā** / Mo | [Back of flipcard] / **Māmā whakaangi**  | [Back of flipcard] / **Pāpā whakaangi** 	3	[]	0,1,2,3		distinct	0
CEDW501	3.0	flipCard	6x5	30	0	[Flipcards] [Audio of the kupu on the front to pla		[Front of flipcard] / **Tamaiti** | [Front of flipcard] / **Tamāhine** | [Front of flipcard] / **Tuākana** | [Front of flipcard] / **Teina** | [Front of flipcard] / **Irāmutu**	[Back of flipcard] / **Tamaiti** / A chi | [Back of flipcard] / **Tamāhine** / Daug | [Back of flipcard] / **Tuākana** / Older | [Back of flipcard] / **Teina** / Younger | [Back of flipcard] / **Irāmutu** / Niece	2	[]	0,1,2,3,4,5		distinct	0
CEDW501	5.0	flipCard	1x4	4	0	[Flipcards]		**Physical impacts** / [Reverse] These a | **Emotional impacts** / [Reverse] These  | **Behavioural impacts** / [Reverse] Thes | **Social impacts** / [Reverse] These are		2	[]	0		distinct	0
CEDW501	7.2	flipCard	2x3	6	6	[Flipcards]		**Be consistent** / Image:iStock: human  | **Focus on your goal** / Image:iStock: b | **Be honest** / Image:iStock: green sust	**Include details** / Image:iStock: webi | **Record how you feel** / Image:iStock:  | **Reflect regularly** / Image:iStock: ht	2	[]	0,1		distinct	0
CHFUN04	0.0	flipCard	2x5	6	4	[flipcards]		Front | [image][media item 19] / https://www.ist | [image][media item 20] / https://www.ist | [image][media item 21] / https://www.ist | [image][media item 22] / https://www.ist	Back | **Spring** / Celebrates new beginnings w | **Summer** / **Dragon Boat Festival**, b | **Autumn** / It is harvesting time, mark | **Winter** / People focus on warmth and 	2	[]	0,1		distinct	0
CHFUN05	0.0	flipCard	2x4	2	0	[flipcard] [body]	Click on the card to see examples of **noun or pro	Front | **我很好，你呢？** / **wǒ hěn hǎo, nǐ ne?** | **他喜欢篮球，你呢？** / **tā xǐ huān lán qiú, nǐ | **她会说法文，中文呢？** / **tā huì shuō fǎ wén, z	Back | *I’m good. And you?* | *He likes basketball. What about you?* | She can speak French, how about Chinese?	2	[]	0,1		distinct	0
CHFUN05	0.0	flipCard	2x5	6	4	[flipcard]	Flip the card to see the examples in English.	Front | [image][media item 8] **https://www.isto | [image][media item 9] **https://www.isto | [image][media item 10] **https://www.ist | [image][media item 11] **https://www.ist	Back | *my book* | *your friend* | *his teacher* | *her cat*	2	[]	0,1		distinct	0
CHFUN05	0.0	flipCard	2x4	5	3	[flipcard] [body]	Click on the card to turn the statement into a que	Front | [image][media item 16] **https://www.ist | [image][media item 17] **https://www.ist | [image][media item 18] **https://www.ist	Back | **你是学生吗?** / **nǐ shì xuéshēng ma?** / * | **他喜欢中文吗?** / **tā xǐhuān zhōngwén ma?** | **这是你的书吗?** / **zhè shì nǐ de shū ma?** 	2	[]	0,1		distinct	0
CHFUN05	0.0	flipCard	2x4	5	3	[Flipcards] [h4]	很(hěn) + adjective examples	Front | [image][media item 35] / https://www.ist | [image][media item 36] / https://www.ist | [image][media item 37] / https://www.ist	Back | *He is tall.* | *It’s VERY hot today!* | *I’m VERY tired.*	3	[]	0,1		distinct	0
CHFUN05	0.0	flipCard	2x4	5	3	[flipcards]		Front | [Media item 44] https://www.istockphoto. | [media item 45] https://www.istockphoto. | [media item 46] https://www.istockphoto.	Back | *Dumplings are both delicious and conven | *Her cat is both fun to play with and cu | *My teacher is both smart and beautiful.	2	[]	0,1		distinct	0
CHFUN05	0.0	flipCard	2x4	5	3	[Flipcard]	**Showing an action happening right now using 在(zà	Front | [image][media item 77] / https://www.ist | [image][media item 78] / **https://www.i | [image][media item 79] / **https://www.i	Back | *I am eating.* | *She is reading.* | *They are playing soccer.*	3	[]	0,1		distinct	0
CHFUN05	0.0	flipCard	2x4	5	3	[flipcard] [body]	Flip the card to see examples **跟 (gēn)** **+ pers	Front | [image][media item 80] / https://www.ist | [image][media item 81] / https://www.ist | [image][media item 82] / https://www.ist	Back | *I went to the park with my friend.* | *He shopped with his mum.* | *She watched a movie with her younger br	2	[]	0,1		distinct	0
CHFUN05	0.0	flipCard	2x4	5	3	[flipcard]	Flip the cards to see examples of **Polite request	Front | [image][media item 84] / **https://www.i | [image][media item 85] / **https://www.i | [image][media item 86] / **https://www.i	Back | *Please give me coffee.* | *Please give me your book.* | Please give me that phone.	2	[]	0,1		distinct	0
CHFUN05	0.0	flipCard	2x4	5	3	[flipcard]	Flip the card to see examples of **Polite requests	Front | [image][media item 88] / https://www.ist | [image][media item 89] / https://www.ist | [image][media item 90] / https://www.ist	Back | *Please give me three apples.* | *Please give me a cup of water.* | *Please give me a pen.*	2	[]	0,1		distinct	0
CHFUN05	0.0	flipCard	2x4	5	3	[flipcard]	Flip the cards to see the sentences in sequence.	Front | **先** / **xiān** / *first* / [image][med | **再** / **zài** / *then* / [image][media | **然后** / **ránhòu** / *afterwards / afte	Back | 我先起床， / wǒ xiān qǐchuáng, / I get up fir | 再吃早饭， / zài chī zǎofàn, / then eat break | 然后去学校。 / ránhòu qù xuéxiào. / and then g	2	[]	0,1		distinct	0
CHFUN05	0.0	flipCard	2x4	5	3	[flipcard]	Predict and flip the card to see the result based 	Front | [image] [media 104] **https://www.istock | [image] [media 105] **https://www.istock | [image] [media 106] **https://www.istock	Back | **所以我不去公园。** / **suǒyǐ wǒ bù qù gōngyuán | **所以我想学中文。** / **suǒyǐ wǒ xiǎng xué Zhōn | **所以我不买。** / **suǒyǐ wǒ bù mǎi.** / *so 	2	[]	0,1		distinct	0
CHFUN07	0.0	flipCard	2x4	5	3	[flipcards] [word highlighter]		Front | [image][media item 10] / https://www.ist | [image][media item 11] / https://www.ist | [image][media item 12] / https://www.ist	Back | 这只猫比那只猫大。 / zhè zhī māo bǐ nà zhī māo dà | 我比你高。 / wǒ bǐ nǐ gāo / I am taller than  | 我的头发比你的长。 / wǒ de tóufa bǐ nǐ de cháng /	2	[]	0,1		distinct	0
ENFUN01	0.0	flipCard	2x8	8	0	[Flip Cards] [Emojis sourced from	https://getemoji.com/	Front | Back | Front | Back | Front | Back | Front | Back	😀 | This story made me feel **excited** and  | 😢 | This story made me feel **sad.** / Tell  | 😱 | This story made me feel **scared.** / Te | 😡 | This story made me feel **angry.** / Tel	3	[]	0		distinct	0
ENFUN01	0.0	flipCard	2x8	8	0	[Flip Cards] [Emojis sourced from	https://getemoji.com/	Front | Back | Front | Back | Front | Back | Front | Back	😀 | This story made me feel **excited** and  | 😢 | This story made me feel **sad.** / Tell  | 😱 | This story made me feel **scared.** / Te | 😡 | This story made me feel **angry.** / Tel	3	[]	0		distinct	0
ENFUN01	0.0	flipCard	2x8	8	0	[Flip Cards] [Emojis sourced from	https://getemoji.com/	Front | Back | Front | Back | Front | Back | Front | Back	😀 | This story made me feel **excited** and  | 😢 | This story made me feel **sad.** / Tell  | 😱 | This story made me feel **scared.** / Te | 😡 | This story made me feel **angry.** / Tel	3	[]	0		distinct	0
ENFUN01	0.0	flipCard	4x2	2	3	[Flip cards]		FRONT | BACK	https://pixabay.com/photos/reading-bed-f | Harry is reading because it is fun. He i	2	[]	0		distinct	3
ENFUN01	0.0	flipCard	5x3	3	0			[Image] like below | [Flip card] on each word from image / Fr | Back	 | Style and Genre | The type of text	1	[]	0		distinct	0
ENFUN01	0.0	flipCard	2x3	4	2	[flip card]		front | [Image] https://www.istockphoto.com/phot | [image] / https://www.istockphoto.com/ph	back | We are the audience. Whenever we listen  | Others are the audience. When we make so	2	[]	0,1		distinct	0
ENFUN01	0.0	flipCard	4x4	0	0	[Flip Cards]		Front | Poem | Advertisement | Song	Back | Entertain | Persuade | Entertain	2	[]			distinct	0
ENFUN01	0.0	flipCard	6x2	10	1			Title [H5]? | Know your audience	[Image]in center | https://www.istockphoto.com/vector/quest	1	[]	0,1,2,3,4,5		distinct	5
ENFUN02	0.0	flipCard	2x3	6	3	[flipcard]		[image] https://pixabay.com/illustration | [image] https://pixabay.com/illustration | [image] https://pixabay.com/photos/leisu	[Body] / • What adventure might the flam | [Body] / • Where in the world would you  | [Body] / What is it like to ride the rol	2	[]	0,1		distinct	0
ENFUN02	0.0	flipCard	2x4	0	0	[flipcard]		1 | 2 | 3 | 4	Isolation | Freedom | Nature’s beauty | Journey and exploration	2	[]			distinct	0
ENFUN03	0.0	flipCard	2x4	8	4	[Flip Card]		[image like] https://www.canva.com/desig | [image like] https://www.canva.com/desig | [image like] https://www.canva.com/desig | [image like] https://www.canva.com/desig	[Body] AND means *as well*. / For exampl | [Body] BUT *changes the direction* of a  | [Body] OR gives *a choice* / For example | [Body] SO tells us *what’s next* / For e	2	[]	0,1		distinct	0
ENFUN03	0.0	flipCard	7x2	2	0	[Flip Card]		Front | Back	When I saw the delicious cake on the des | Complex Sentence	2	[]	0		dupes	6
ENFUN04	0.0	flipCard	2x3	4	3	[flipcard]		[H5] Harakeke or ‘flax’ / [image] https: | [H5] Home / [image] / https://pixabay.co | [H5] Wedding / [image] https://pixabay.c	[body] The denotation of the word ‘flax’ | The denotation of the word ‘home’ is a p | The denotation of the word ‘wedding’ is 	2	[]	0,1		distinct	0
ENFUN04	0.0	flipCard	2x3	3	3	[flipcard]		[H5] Harakeke or ‘flax’ / https://www.is | [H5] Home / [image] / https://pixabay.co | [H5] Wedding / [image] https://pixabay.c	In Aotearoa, harakeke (flax) symbolises  | The word ‘home’ evokes feelings of warmt | The word ‘wedding’ signifies a joyful ce	2	[]	0		distinct	0
ENFUN05	0.0	flipCard	2x4	2	3	[flipcard]		Link for image (these were made by me in | https://drive.google.com/file/d/1W-GZ1vt | https://drive.google.com/file/d/1dt6164R | https://drive.google.com/file/d/1a94v1ph	Flip | Shows the end of a sentence. | Used at the end of a sentence or word to | A question mark is used at the end of a 	2	[]	0,1		distinct	0
ENFUN05	0.0	flipCard	2x4	1	3	[Flip Card]		Link for image | https://drive.google.com/file/d/1-2mgkUB | https://drive.google.com/file/d/1grtgd0h | https://drive.google.com/file/d/1a94v1ph	 | Separates items or ideas within a senten | Shows that something belongs to someone  | Shows when someone is talking.	2	[]	0		distinct	0
ENFUN05	0.0	flipCard	2x4	0	0	[Flip Card]		Sarah is a talented singer she has won m | My best friend who lives next door is co | The soccer teams coach gave them a pep t | Theres one thing you should always remem	Sarah is a talented singer; she has won  | My best friend (who lives next door) is  | The soccer team's coach gave them a pep  | There's one thing you should always reme	2	[]			distinct	0
ENFUN07	0.0	flipCard	2x2	0	0	[flipcard]		Paragraph One | Paragraph Two	The main idea is that we meet Anna, and  | The main idea is to describe the new sch	2	[]			distinct	1
ENFUN07	0.0	flipCard	2x4	0	0	[Flip Cards]		P | E | E | R	Point – the main idea. | Evidence – examples, preferably in the f | Explanation – more detail that is added  | Relevance – link the point made to the o	2	[]			distinct	0
ENFUN08	0.0	flipCard	2x4	2	0	[flipcards]		Front | He is like a shining star. | The classroom was as loud as a zoo. | Her words were like daggers.	Back | He is a shining star. | The classroom was a loud zoo. | Her words were daggers.	2	[]	0,1		distinct	0
ENFUN08	0.0	flipCard	2x4	5	3	[flipcards]		Front | [image] https://unsplash.com/photos/an-o | [image] https://unsplash.com/photos/a-gr | [image] https://unsplash.com/photos/a-ch	Back | Watched / Beckoned / Frowned / Whispered | Waited / Wandered / Danced / Pondered | Welcomed / Sighed / Comforted / Hugged	2	[]	0,1		distinct	0
ENFUN08	0.0	flipCard	2x4	2	0	[flipcards]		Front | Video games can be fun. | Eating ice cream is a treat. | You’ll have the holiday of a lifetime.	Back | Isn’t it incredible how video games can  | Can you resist the taste of their favour | Who wouldn’t want to have the holiday of	2	[]	0,1		distinct	0
ENFUN09	0.0	flipCard	2x4	2	3	[Flip Card]		Images like these (these ones are made b | https://drive.google.com/file/d/1RVs_rqh | https://drive.google.com/file/d/1OSpFsUi | https://drive.google.com/file/d/15FR5GZd	Caption Text | Planning pays! Before you begin writing, | Some people like sequential planners; ot | Discuss your ideas with someone else. Ea	2	[]	0,1		distinct	0
ENFUN09	0.0	flipCard	2x4	0	0	[flipcard]		Add | Revise | Move | Substitute	Details about how they felt or things th | Identify any redundant or unnecessary ph | Rearranging sentences for better flow or | Replace weak or vague words with stronge	2	[]			distinct	0
ENGC201	3.0	flipCard	6x4	6	0	[Flip cards]		Front | What is your favourite thing to do in yo | How do you celebrate holidays with your  | Is English your favourite subject in sch	Back | Open question | Open question | Closed question	2	[]	0,1,2,3,4,5		distinct	0
ENGC206	1.0	flipCard	6x2	2	0	[Flip card activity] [First column is front of car		Front | Back	Put the food in the pan. / (Not precise) | Add the chopped vegetables to the frying	2	[]	0		distinct	5
ENGC301	2.0	flipCard	2x4	5	3	[FlipCards with same height]		Flip Front | [image] https://campaignbrief.com/dave-t | [image] https://campaignbrief.co.nz/2024 | [image] https://www.adsoftheworld.com/ca	Flip Back | • Clever play on words (pun) / • Bold te | • Clever visual to grab attention / • Qu | • Humour / • Bold text / • Eye-catching 	2	[]	0,1		distinct	0
ENGC301	2.0	flipCard	4x4	4	0	[FlipCard]		Front | Out of order | Quick question | Picture perfect	Back | Alliteration | Alliteration | Alliteration	2	[]	0,1,2,3		distinct	0
ENGC401	4.0	flipCard	2x3	6	4	[flipcard]		Front | [image] https://drive.google.com/file/d/ | [image] https://drive.google.com/file/d/	Back | [image] https://drive.google.com/file/d/ | [image] https://drive.google.com/file/d/	3	[]	0,1		distinct	0
ENGI102	2.0	flipCard	1x4	4	0	[Flip cards]		[Front of card] / [H3] Plot / [Image] Of | [Front of card] / [H3] Character / [Imag | [Front of card] / [H3] Setting / [Image] | [Front of card] / [H3] Construction / [I		2	[]	0		distinct	0
ENGI102	4.0	flipCard	1x5	5	0	[flip cards]		[Front of card] / [H3] Characters / [Ima | [Front of card] / [H3] Setting / [Image] | [Front of card] / [H3] Problem / [Image] | [Front of card] / [H3] Solution / [Image | [Front of card] / [H3] Happy ending / [I		2	[]	0		distinct	0
ENGI102	6.0	flipCard	1x5	5	0			[Front of card] / [H3] Character Masks / | [Front of card] / [H3] Setting / [Image] | [Front of card] / [H3] Favourite Charact | [Front of card] / [H3] Nature Connection | [Front of card] / [H3] Plot (Retell the 		1	[]	0		distinct	0
ENGI202	1.0	flipCard	2x6	12	0	[Flip cards]		[H4] Setting / [image: clipart style fai | [H4] Characters / [image: clipart style  | [H4] Plot / [image: clipart style storyb | [H4] Conflict / [image: clipart style fa | [H4] Moral or Lesson / [image: clipart s | [H4] Magic and supernatural elements / [	[Body] The setting is where the story ha | [Body] Traditional tales feature a cast  | [Body] Traditional tales have a plot – t | [Body] In each traditional story there i | [Body] Traditional tales often have mora | [Body] Many traditional tales include el	2	[]	0,1		distinct	0
ENGI202	5.0	flipCard	4x2	4	0	[Embed activity flip cards]		[Front of card] / [H2 or embed fun carto | Waka / Waka/canoes have been important t	[Front of card] / [H2 or embed fun carto | Trees and forests / Trees hold special i	2	[]	0,1,2,3		distinct	3
ENGI202	5.0	flipCard	4x2	8	0	[embed activity Flip cards]		[Front of flip card] [H4] Tikanga (cultu | [Back of flip card] [Body] / The story r	[Front of flip card] [H4] / Kaitiakitang | [Back of flip card] [Body] / The guardia	2	[]	0,1,2,3		distinct	3
ENGI203	9.0	flipCard	3x3	0	3	[Flip Card]		 |  | 	https://www.istockphoto.com/photo/green- | https://www.istockphoto.com/photo/winnin | https://www.istockphoto.com/photo/bengal	2	[]		bold0	distinct	0
ENGI302	5.0	flipCard	4x4	4	0	[flip cards]		Front | The giant's footsteps were as loud as th | The forest was a labyrinth. | The Taniwha's eyes gleamed like the star	Back | Simile | Metaphor | Simile	2	[]	0,1,2,3		distinct	0
ENGI303	4.0	flipCard	2x5	6	4	[flipcard]		Front | [image] https://www.istockphoto.com/phot | [image] https://www.istockphoto.com/phot | [image] https://www.istockphoto.com/phot | [image] https://www.istockphoto.com/phot	Back | Success comes from working hard, not luc | Overcoming fear is key to reaching your  | Focus on today’s effort to build success | You grow when you try new things.	2	[]	0,1		distinct	0
ENGI405	2.0	flipCard	2x2	4	0	[insert either drop click or flip card interactive		[image] Red Apple With Leaf Isolated On  | [ image] Beautiful Tulum Beach At Caribb	[reverse] / • Red / • Crunchy / • An app | [reverse] / • Calm / • Blue / • Peaceful	2	[]	0,1		distinct	1
ENGI405	5.0	flipCard	2x3	3	0	[add interactive flip cards with activity title an	Pick a task	[front of card title & image 1] QUICK DR | [front of card title and image 2] PUTTIN | [front of card title and image 3] IDENTI	A Cute Bird Wearing Large Glasses Holdin | Character Reading Quietly Vector Concept | Cute Curious Detective Kid Stock Illustr	9	[]	0		distinct	0
ENGJ101	4.0	flipCard	5x2	0	0	[flip cards] [Meanings]		Name | What are you going to call your creature	Description | What it looks like	3	[]			distinct	4
ENGJ202	4.0	flipCard	2x6	2	5	[flip cards]		Front | https://drive.google.com/file/d/1YxWz-ZH | https://drive.google.com/file/d/1Gty_3kf | https://drive.google.com/file/d/1Fc54lAH | https://drive.google.com/file/d/1M3RM5Uk | https://drive.google.com/file/d/1OoTtmQy	Back | Things we hear (sounds like...) / *Examp | Things we see (looks like...) / *Example | Things we can touch or feel (feels like. | Things we can taste (tastes like...) / * | Things we can smell (smells like...) / *	3	[]	0,1		distinct	0
ENGJ301	4.0	flipCard	2x6	2	0	[Flip cards]		Image link | Link to Harry Potter image | Chronicles of Narnia link | Cinderella image | Charlie and the Chocolate Factory link | Jack and the Beanstalk image	Text for other side | The major themes include: / • Good v Evi | • Love / • Sacrifice / • Redemption | Kindness will be rewarded, while selfish | • Greed / • Kindness / • Hope / • Family | • Good v evil / • Overcoming challenges	2	[]	0,1		distinct	0
ENGJ302	3.0	flipCard	9x2	0	0	[Flip cards] (arranged in two rows of four, if pos		Image for one side | Text for flipped side	Link for photo | **Brown bear (Grizzly)** / **Max speed:*	2	[]			distinct	8
ENGJ302	3.0	flipCard	11x2	0	0	[Flip cards]		Image for one side | Text for flipped side	Link for photo | **Lion** / **Pride size:** five - 15 lio	2	[]			distinct	10
ENGJ402	7.0	flipCard	2x2	2	0	[flip cards side by side]		**Song Lyric** *Firework* by Katy Perry  | **Lyric Poem** *Hope is the Thing with F	*Do you ever feel like a plastic bag Dri | *"Hope" is the thing with feathers - Tha	2	[]	0		distinct	1
ENGJ403	3.0	flipCard	2x3	6	0	[insert flip cards] [Designer note these images we		[Front] [H2] Genre: Fantasy | [Front] [H2] Genre: Science fiction | [Front] [H2] Genre: Action	[reverse] [Insert image] / [AI instructi | [reverse] [Insert image] / [AI instructi | [reverse] [Insert image] / AI instructio	2	[]	0,1		distinct	0
ENGR102	3.0	flipCard	1x4	4	0	[flipcards]		[H4] ai / [Image] Paint / [Body] paint / | [H4] ay / [Image] Crayon / [Body] crayon | [H4] eigh / [Image] eight / [Body] eight | [H4] ey / [Image] Grey / [Body] grey / B		2	[]	0		distinct	0
ENGR102	3.0	flipCard	1x2	2	0	[flipcards]		[H4] au / [Image] Sauce / [Body] sauce / | [H4] aw / [Image] Saw / [Body] saw / Bac		2	[]	0		distinct	0
ENGR102	3.0	flipCard	1x4	4	0	[flipcards]		[H4] ea / [Image] leaf / [Body] leaf / B | [H4] ee / [Image] tree / [Body] tree / B | [H4] ey / [Image] key / [Body] key / Bac | [H4] ie / [Image] Cookie / [Body] cookie		2	[]	0		distinct	0
ENGR102	3.0	flipCard	1x1	1	0	[flipcard]		[H4] ea / [Image] bread / [Body] bread /		2	[]	0		distinct	0
ENGR102	3.0	flipCard	1x2	2	0	[flipcard]		[H4] ie / [Image] Pie / [Body] pie / Bac | [H4] igh / [Image] Light / [Body] light 		2	[]	0		distinct	0
ENGR102	4.0	flipCard	2x5	5	0	[Flip cards]		[H4] ar / [Image] Car / [Body] car | [H4] er / [Image] tiger / [Body] tiger | [H4] ir / [Image] bird / [Body] bird | [H4] or / [Image] corn / [Body] corn | [H4] ur / [Image] surf / [Body] surf	As in **"car"** or **"star"** – the "a"  | As in **"her"** or **"tiger"** – the "e" | As in **"bird"** or **"shirt"** – the "i | As in **"for"** or **"corn"** – the "o"  | As in **"fur"** or **"surf"** – the "u" 	3	[]	0		distinct	0
ENGR201	4.0	flipCard	2x3	3	3	[FlipCard]		A big storm. / [image] https://pixabay.c | A famous singer performing in town. / [i | A community cleanup. / [image] https://p	Are you worried about the weather recent | Isn’t it fun when a big concert comes to | Who doesn’t want to live in a clean neig	2	[]	0		distinct	0
ENGR202	1.0	flipCard	2x5	0	0	[Flipcards] CS can you please colour code the flip		Red / • Love / • Passion / • Energy / •  | Orange / • Attention getting / • Energy  | Yellow / • Happiness / • Easy to see / • | Green / • Fresh / • Nature / • Growth /  | Blue / • Safety / • Calm / • Reliable / 	Purple / • Royalty / • Creativity / • In | Pink / • Love / • Kindness / • Playfulne | Brown / • Earthiness / • Reliability / • | Black / • Power / • Mystery / • Elegance | White / • Purity / • Softness / • Peace 	2	[]			distinct	0
ENGR301	5.0	flipCard	2x5	2	0	[flipcard]		Front | Video Games | Is too much screen time bad for your hea | Do self-driving cars make roads safer? | Are e-books better than paper books?	Back | Video games can help to improve your thi | Too much screen time is bad for your hea | Self-driving cars are dangerous. | E-books are better than paper books.	2	[]	0,1		distinct	0
ENGR301	6.0	flipCard	2x4	0	0	[Flip Cards]		P | E | E | R	Point – The main point of the paragraph. | Evidence – Provide evidence to support t | Explanation – Explain how the evidence b | Relevance – Link the point made to the o	2	[]			distinct	0
ENGR302	1.0	flipCard	6x2	0	0	[flip cards]		Image for side showing | Flipped text	Link for image | **Physical – dragon v prince and princes	2	[]			distinct	5
ENGS101	3.0	flipCard	6x2	2	0	[Flipcards]		Front [image] [H4] | Back [Body]	They love the rain / Raincoat | (rain + coat) / A **coat** to wear when 	2	[]	0		distinct	5
ENGS101	4.0	flipCard	9x2	3	0	[Flipcards] 3X3 display Image on the front questio		[Image] Front | Back [Body]	F unny cartoon smiling monster character | What colour is your wabub? / *(Is it bri	3	[]	0,1		distinct	8
ENGS101	5.0	flipCard	9x2	2	0	[Flipcards] 8 in total		Front [image] [H4] | Back [Body]	Dad donate heart to a child. Adopted gir | • **Practise asking questions**: When yo	2	[]	0		distinct	8
ENGS102	3.0	flipCard	2x3	6	3	[Flipcard] [image]		[h5] Billy Goats / [image] https://drive | [h5] Trees in a meadow [image] https://w | [h5] Troll / [image] https://drive.googl	[h5] Three Cattle Dogs / [image] (Snip f | [h5] Ponga trees / [image] (Snip from bo | [h5] Marakihau / [image] (Screen snip fr	2	[]	0,1		distinct	0
ENGS102	4.0	flipCard	2x3	6	6	[Flipcard] (if the book permissions come through, 		[h5] Little Red Hen / [image] https://ww | [h5] Dog / [image] https://www.youtube.c | [h5] Cake / [image] https://pixabay.com/	[h5] Little Blue Duck / [image] https:// | [h5] Weta / [image] https://www.youtube. | [h5] Pavlova / https://www.youtube.com/w	2	[]	0,1		distinct	0
ENGS201	5.0	flipCard	2x4	5	3	[flipcards]		Front | mm | cm | m	Back | [h5] Millimetres / [body] This is a very | [h5] Centimetres / [body] 10 millimetres | [h5] Metres / [body] 100 centimetres mak	2	[]	0,1		distinct	0
ENGS202	2.0	flipCard	2x4	3	3	[flipcard]		Front | [Image] https://www.istockphoto.com/phot | [Image] https://www.istockphoto.com/phot | [Image] https://www.istockphoto.com/phot	Back | Porirua harbour | The Beehive | Te Papa Museum	2	[]	0		distinct	0
ENGS202	3.0	flipCard	2x4	5	3	[flipcard]		Front | [Image] https://www.istockphoto.com/phot | [Image] https://www.istockphoto.com/phot | [Image] https://www.istockphoto.com/phot	Back | Rangitoto Island | Auckland Harbour Bridge | Mission Bay	2	[]	0,1		distinct	0
ENGS202	4.0	flipCard	2x4	3	3	[flipcard]		Front | [Image] https://www.istockphoto.com/phot | [Image] https://www.tripadvisor.co.nz/At | [Image] / https://www.istockphoto.com/ph	Back | Mauao | Hairy Maclary statues | Pilot Bay	2	[]	0		distinct	0
ENGS202	6.0	flipCard	2x5	6	4	[flipcard]		Front | [body] Landmark creation / [image] https | [body] Time travel / [image] https://www | [body] Fantasy world / [image] https://u | [body] Personal discovery / [image] http	Back | Write a story about how the landmark was | Write a story about a character who trav | Write a story where the landmark has mag | Write a story about a character who visi	2	[]	0,1		distinct	0
ENGS301	2.0	flipCard	2x3	3	3	[flipcard]		[h5] Rākau kōwhai / [image] https://www. | [h5] Rākau kauri / [image] https://www.i | [h5] Rākau mānuka / [image] https://www.	The kōwhai was of great value to Māori b | Kauri trees are 'chiefly' and used for t | The mānuka tree holds deep cultural and 	2	[]	0		distinct	0
ENGS301	5.0	flipCard	2x3	6	0	[flipcard]		[H5] Kowhai | [H5] The trees/giants | [H5] The seeds	[body] Kōwhai symbolises hope and renewa | [body] The giants are more than just tre | [body] The seeds the giants drop represe	2	[]	0,1		distinct	0
ENGS302	3.0	flipCard	1x1	0	0	[Please display the following 12common film themes		• Friendship / • Family / • Courage / • 		2	[]			distinct	0
ENO2060	1.0	flipCard	5x3	2	0	[insert flipcards with titles & image on front tex		[front] |  | 	Text studies | Current affairs | Observations about life	2	[]	0,3		distinct	0
FRFUN06	2.0	flipCard	2x2	4	2	[Flipcards]		Front : image / https://www.istockphoto. | Front : image / https://www.istockphoto.	Flipped : word and clickable audio / gar | Flipped : word and clickable audio / gom	2	[]	0,1		distinct	1
FRFUN06	9.0	flipCard	2x3	6	3	[Flipcards]	Explore the cards below to see where the linking r	Front caption : Deux hommes / [Image 31] | Front caption : Trois amis / [Image 32]  | Front caption : Trois garçons / [Image 3	Back / The final letter of first word is | Back / The final letter of the first wor | Back / The final letter of the first wor	2	[]	0,1		distinct	0
FRFUN07	2.0	flipCard	2x4	2	0	[flipcards]	See the change between capital and lowercase as yo	One side | Monday | January | Canadian	Other side | lundi | janvier | canadien	2	[]	0,1		distinct	0
FRFUN07	3.0	flipCard	2x3	3	0	[Flipcards]		What does “ pain” mean? | What does “librairie” mean? | What does ”actuellement” mean?	Flipside says “ bread” not pain that you | Flipside says “bookshop” not library / [ | Flipside says “ currently” NOT actually 	3	[]	1		distinct	0
FRFUN07	7.0	flipCard	1x2	2	2	[Flipcard]		Flipcard title : Masculine un petit chie | Flipcard title : Feminine une petite mai		2	[]	0		distinct	0
FRFUN08	5.0	flipCard	3x3	9	3	[Flipcards]		[ Front text of card : “Red car Layer Ca | [ Front text of card : “Black dog Layer  | [ Front text of card : “Blue house Layer	[Image 2] https://www.istockphoto.com/ph | [Image 3] / https://www.istockphoto.com/ | [Image 4] / https://www.istockphoto.com/	2	[]	0,1,2		distinct	0
FRNO901	4.0	flipCard	10x5	30	0	[Flipcards]		[Front] 6 / six | [Front] 7 / sept | [Front] 8 / huit | [Front] 9 / neuf | [Front] 10 / dix	[Back] [Audiovisual 40] | [Back] [Audiovisual 41] | [Back] [Audiovisual 42] | [Back] [Audiovisual 43] | [Back] [Audiovisual 44]	2	[]	0,1,2,3,4,5,6,7,8,9		distinct	0
FRNO902	5.0	flipCard	2x4	8	8	[Flipcards] [ can we have a reset button so learne		Hugo [Image 20] / https://www.istockphot | Noah [Image 21] / https://www.istockphot | Nicholas [Image 22] / https://www.istock | Léo [Image 23] / https://www.istockphoto	Emma [Image 24] / https://www.istockphot | Gaëlle [Image 25] / https://www.istockph | Chloë [Image 26] / https://www.istockpho | Marie [Image 27] / https://www.istockpho	2	[]	0,1		distinct	0
GENO901	1.0	flipCard	10x3	29	4	[Flip cards] I have listed the people that the āko		1D Greet the following people in German  | [photo of the person] with nametag Mr Br | [speech bubble] please direct the speech	Example: / Mr Braun, a German teacher. / | [media list image 20 Man waking up] http | [mock up] **Guten Morgen**, **Herr Braun	6	[]	0,1,2,3,4,5,6,7,8,9		distinct	0
HPRE203	1.0	flipCard	2x3	6	2	[flipcards] x 2		Flip card 1 | Facing: verbal [image] [item #6] https:/ | Reverse: Verbal communication is when we	Flip card 2 | Facing: non-verbal https://media.istockp | Reverse: Non-verbal communication is how	2	[]	0,1		distinct	0
HPRE203	5.0	flipCard	4x2	4	0	[flip cards] x 4		Facing: [image] boy in wheel chair.png / | Jamie is a wheelchair user who loves spo	Facing: [image] blind girl.png / [h5] As | Lily asks Ashley, “What do you think you	2	[]	0,1,2,3		distinct	3
HPRE203	7.0	flipCard	3x2	6	3	[flipcards] x3 CS if these images can’t be used – 	ENCANTO ABC - Characters and Songs	Facing:[h5] Luisa / [image] https://enca | Reverse: Expected to always be tough and	Facing: [h5] Isabela / [image] https://e | Reverse: Expected to follow the family p	2	[]	0,1,2		distinct	2
MXDB302	1.0	flipCard	5x2	2	0	[Flipcards]		Text for starting side | Text for flipped side	1m = 100cm | To convert metres into centimetres → × 1	2	[]	0		distinct	4
MXDB302	8.0	flipCard	4x2	0	0	[flip cards]		Text for card facing outwards | Text for flipped side	A short multiplication equation. | 0.6 × 7 = 4.2 / 9 × 0.3 = 2.7	2	[]			distinct	3
MXDB302	8.0	flipCard	5x2	1	0	[flip cards]		Text for card facing outwards | Text for flipped side	A short division equation. | 56 ÷ 8 = 7 / 24 ÷ 4 = 6	2	[]	2		distinct	4
MXDI103	8.0	flipCard	9x2	1	0	[Flip Cards]		Matching pairs	400 + 30 + 5 | 435	2	[]	0		distinct	8
MXEO102	0.0	flipCard	7x2	0	0	[Please make these Flip cards. Thanks!]		**Kōwhaiwhai** | **Meaning**	**Koru** | This is the fern. This represents a new 	2	[]		bold0	distinct	6
MXEO301	1.0	flipCard	3x4	0	0	[flip cards]	Take a look at the number on each card and decide 	Link for image | Yes, 7 is a prime number. | Link for image | Yes, 17 is a prime number.	Link for image | No, 12 is not a prime number. / 1 × 12,  | Link for image | No, 15 is not a prime number. / 1 × 15, 	2	[]			distinct	0
MXEO301	3.0	flipCard	4x4	4	0	[flip cards]		Image | Flipped text | Image | Flipped text	Link for image | Temperatures fall below 0° in many place | Link for image | Negative numbers are used to represent d	2	[]	0		distinct	0
MXEX201	4.1	flipCard	5x2	0	5	[Flip Cards]		The Stars | As the stars always rise and set at the 	The Sun and Moon | As stars aren't visible all the time, th	4	[]			distinct	4
MXFL101	3.2	flipCard	4x3	0	0	[Flip cards]	Flip the cards and see how fast you can say the nu	 |  | six	**five** |  | 	4	[]			distinct	0
MXFL204	9.0	flipCard	5x3	6	6	[flip cards]		[image] https://media.istockphoto.com/id | [image] https://media.istockphoto.com/id | [image] https://media.istockphoto.com/id	Taj and his Grandad counted 150 cows in  | After talking with 20 people in his neig | Olive counted the number of people who s	2	[]	0,3		distinct	0
MXFL301	1.0	flipCard	2x4	4	0	[Flip cards] with image on one side and text on ot		Equator | Prime Meridian | Lines of Latitude | Lines of Longitude	[H5] Equator / An imaginary line equally | [H5] Prime meridian / An imaginary line  | [H5] Lines of latitude / A system of lin | [H5] Lines of longitude / A system of ve	4	[]	1		distinct	0
MXFL301	3.0	flipCard	8x5	35	0	[flip cards]		Continent | Adventures | Weather | Architecture | Food	[H5] Africa / Image link / [Flipped text | Image link / [Flipped text] / Safari tou | Image link / [Flipped text] / Mostly war | Image link / [Flipped text] / Huge varie | Image link / [Flipped text] / Grains, ve	2	[]	1,2,3,4,5,6,7		distinct	0
MXFL301	4.0	flipCard	3x2	3	0	[flip cards]		Image link | [H5] Economy / [body] Standard economy c	Image link | [H5] Premium dconomy / [body] Premium ec	2	[]	0,1,2		distinct	2
MXFL301	4.0	flipCard	4x2	4	0	[flipcards]		Image link | [H5] Hostel / [text] Staying in a hostel	Image link | [H5] Motel / [text] A motel is where the	2	[]	0,1,2,3		distinct	3
MXFL302	1.0	flipCard	5x4	4	0	[flip cards]		Text facing outwards | Flipped text | Text facing outwards | Flipped text	At the beginning of a sentence. | **T**he computer was switched on. **E**v | Proper nouns: the names of specific peop | **A**roha crossed the **A**uckland **H**	2	[]	0		distinct	0
MXFL302	6.0	flipCard	4x4	0	0	[flip cards]		Image of a head of brocolli | grams | Image of a sack of potatoes | kilograms	Image of a supplement | milligrams | Image of an oil tanker | tonnes	3	[]			distinct	0
MXFU301	1.0	flipCard	4x4	16	0	[flip cards]		[H5] Everyday conversations | [body] "I'll **probably** call you later | Link for Dr and patient / [H5] Health an | [body] “There is a **high probability** 	Link for meteorology image / [H5] Weathe | [body] “It is **likely** to rain tomorro | Link for checking exam results / [H5] Ed | [body] “I’m **sure** you’ll pass if you 	2	[]	0,1,2,3		distinct	0
MXFU301	3.0	flipCard	6x4	24	0	[flipcards]		Link for image of counters / [H5] Counte | [Flipped text] / Put different coloured  | Link for image of NZ coins / [H5] Coins | [Flipped text] / We have five different 	Link for image of buttons / [H5] Buttons | [Flipped text] / Put different sized or  | Link for image of beads / [H5] Beads | [Flipped text] / Put different shaped or	2	[]	0,1,2,3,4,5		distinct	0
MXFU402	7.0	flipCard	2x4	5	3	[Flip card]		Front | [H5] **Lolly jar guess** / [image] https | [H5] **Spin the wheel** / [image] https: | [H5] **Cup shuffle** / [image] https://w	Back | What is the probability of guessing corr | What are the chances of landing on a pri | What is the probability of choosing the 	2	[]	0,1		distinct	0
MXFUN01	6.2	flipCard	9x8	18	2	[Flipcards] Is it possible to create this So that 		[Body] START / [Image ]https://www.shutt | 64 | 16 | 100 | 14 | 112 | 70	5 | 27 | 12 | 19 | 25 | 31 | 95 | 68	2	[]	0,1,2,3,4,5,6,7,8		distinct	0
MXFUN01	6.2	flipCard	3x6	6	0	[Flip cards]	Could the numbers be face up, when the correct ans	**5.1** | 5.13 | 5.18 | 6.01 | 5.14 | 5.01	**13.3** | 13.44 | 13.36 | 13.32 | 13.11 | 13.34	4	[]	0,1,2		distinct	0
OSAH301	1.0	flipCard	2x5	0	0	[flipcards]		harm | harassment | abuse | post | victim	Serious emotional distress. | Unwanted, offensive or intimidating beha | Repeated harmful behaviour or exerting p | A form of digital communication. | A person who is the target of harmful be	2	[]			distinct	0
OSAH501	3.0	flipCard	4x4	16	6	[Flip card image]		Front | Back | Front | Back	[body] **Right to be safe from harmful d | [body] / Law: Harmful Digital Communicat | [body] **Right to privacy** / [image] ht | [body] / Law: Privacy Act 2020 / You hav	2	[]	0,1,2,3		distinct	0
OSAH501	4.0	flipCard	3x4	12	4	[Flipcard]		[Front] | [Back] | [Front] | [Back]	[image] https://www.istockphoto.com/phot | [body] Netsafe is Aotearoa New Zealand’s | [image] https://www.istockphoto.com/phot | [body] The New Zealand Police responsibl	2	[]	0,1,2		distinct	0
OSAI101	1.0	flipCard	4x4	10	6	[flip cards]		front | **Your pet** / Image https://www.istockp | **Your friend** / Image https://www.isto | **A magic genie** / Image https://www.is	flip | It is not loyal to you, doesn’t eat, sle | It doesn’t have feelings or emotions. | It can’t grant wishes or make dreams com	2	[]	0,1,2,3		distinct	0
OSAI101	2.0	flipCard	4x4	10	6	[flip cards] 3 across		front | Getting ideas / [image] https://www.isto | Checking spelling / [image] https://www. | Adding details / Image https://www.istoc	back | “What could happen next in my story?” or | AI can help spot mistakes in words. Try  | AI can give descriptive ideas. Ask “What	2	[]	0,1,2,3		distinct	0
OSAI201	2.0	flipCard	2x6	9	3	[Flip card image]		Front | Back | Front | Back | Front | Back	Step 1: Clear commands / [image] / https | Puppies don’t understand, “Do something  | Step 2: Be patient and consistent / [ima | If you keep changing your command, the p | Step 3: Rewards = extra details / [image | Puppies love treats for doing well. / **	2	[]	0,1		distinct	0
OSAI301	2.0	flipCard	4x4	10	6	[Flip card image] 3 across may look better		Front | Back | Front | Back	It can give wrong or made-up information | AI doesn’t “know” facts. It predicts wor | It doesn’t understand context like human | • AI doesn’t know your culture, emotions	2	[]	0,1,2,3		distinct	0
OSBY101	1.0	flipCard	2x3	6	3	[Flip cards]		[Image] front https://www.istockphoto.co | [image] front https://www.istockphoto.co | [image] front https://www.istockphoto.co	Back Every time Dre plays his favorite b | Back Maia always asks to join her friend | Back Ava posts a funny filter image to o	2	[]	0,1		distinct	0
OSBY201	2.0	flipCard	2x3	6	3	[flip cards]		front / Block / [image] https://www.isto | front / Report / [image] https://www.ist | front / Screenshot / [image] https://www	back / If someone is being mean or makin | back / If someone is being a bully, you  | back / A screenshot is like taking a pho	2	[]	0,1		distinct	0
OSBY301	1.0	flipCard	4x5	10	6	[Flip card image] CS - main image in the middle wi		Front | Back | Front | Back | Centre/middle	[image] https://www.istockphoto.com/vect | **Spreads faster** | [image] https://www.istockphoto.com/vect | **Can happen at any time** | [image] / https://www.istockphoto.com/ve	2	[]	0,1,2,3		distinct	0
OSBY401	1.0	flipCard	4x5	16	6	[Flip card image] CS -main image in the middle wit		Front | Back | Front | Back | Centre/middle	[image] https://www.istockphoto.com/vect | [body] Example: / Somebody posts a rude  | [image] https://www.istockphoto.com/vect | [body] Example: / Late at night, a perso | [image] / https://www.istockphoto.com/ve	2	[]	0,1,2,3		distinct	0
OSBY401	3.0	flipCard	3x4	12	4	[flipcard]		Front | Back | Front | Back	[image] https://www.istockphoto.com/vect | [body] If you, or someone else, are the  | [image] https://www.istockphoto.com/vect | [body] If your banter will shame a perso	2	[]	0,1,2		distinct	0
OSBY401	4.0	flipCard	2x6	12	3	[flipcard]		Front | Back | Front | Back | Front | Back	[image] https://www.istockphoto.com/phot | [body] An online bully can be **fined up | [image] https://www.istockphoto.com/phot | [body] If found guilty the online bully  | [image] https://www.istockphoto.com/phot | [body] The District Court can issue take	2	[]	0,1		distinct	0
OSBY501	1.0	flipCard	4x4	16	6	[Flip card image]		Front | Back | Front | Back	[image] https://www.istockphoto.com/vect | [body] Example: / Somebody posts a rude  | [image] https://www.istockphoto.com/vect | [body] Example: / Late at night, a perso	2	[]	0,1,2,3		distinct	0
OSBY501	3.0	flipCard	3x4	12	4	[flipcard]		Front | Back | Front | Back	[image] https://www.istockphoto.com/vect | [body] If you, or someone else, are the  | [image] https://www.istockphoto.com/vect | [body] If your banter will shame a perso	2	[]	0,1,2		distinct	0
OSBY501	4.0	flipCard	2x6	12	3	[flipcard]		Front | Back | Front | Back | Front | Back	[image] https://www.istockphoto.com/phot | [body] An online bully can be **fined up | [image] https://www.istockphoto.com/phot | [body] If found guilty the online bully  | [image] https://www.istockphoto.com/phot | [body] The District Court can issue take	2	[]	0,1		distinct	0
OSBY501	5.0	flipCard	4x6	20	5	[Flip card image] CS – Please put all 5 cards in a		Front | Back | Front | Back | Front | Back	[body] Freely given / [image] https://ww | [body] Consent is only valid when it’s g | [body] Reversible / [image] / https://ww | [body] Consent can be changed or taken b | [body] Informed / [image] https://www.is | [body] Consent must be based on truth an	2	[]	0,1,2,3		distinct	0
OSGM101	2.0	flipCard	2x5	6	4	[flip cards]	Click on each card to see examples of each area we	front | My body / Taha tinana / [image] https:// | My feelings / Taha hinengaro / [image] / | My family / Taha whānau / [image] / http | My spirit / Taha wairua / [image] / http	back | **Examples:** / playing outside, jumping | **Examples:** / feeling happy, angry or  | **Examples:** / doing a fun activity tog | **Examples:** / being in nature, listeni	2	[]	0,1		distinct	0
OSGM201	1.0	flipCard	8x2	9	7	[flipcards]	Types of devices used for gaming	front | back	Consoles / [image] https://www.istockpho | PlayStation (e.g., PS4, PS5) / Xbox (e.g	2	[]	0,1,2,3,4,5,6,7		distinct	7
OSGM201	3.0	flipCard	2x5	6	4	[flip cards]		front | [image] / https://www.istockphoto.com/ph | Cs: can these two images face each other | [image] https://www.istockphoto.com/phot | [image] / https://www.istockphoto.com/ph	back | **Balance tip**: Choose games that make  | **Balance tip**: Play with people you kn | **Balance tip**: Take breaks. Move your  | **Balance tip**: Choose games that feel 	2	[]	0,1		distinct	0
OSGM301	2.0	flipCard	4x4	10	6	[Flip card image] 3 across may look better		Front | Back | Front | Back	[image] https://www.istockphoto.com/vect | Setting time limits can help you, or cre | [image] https://www.istockphoto.com/vect | Do not play age restricted games. Not on	2	[]	0,1,2,3		distinct	0
OSGM401	1.0	flipCard	8x2	2	0	[flip card] CS please have backgrounds of green fo		Front | Back	**Taha wairua** – spiritual wellbeing /  | **Taha wairua** – spiritual wellbeing / 	2	[]	0		distinct	4
OSGM401	2.0	flipCard	2x4	8	4	[flipcard]		[front] / [H4] Be wary of other people o | [back] / [body] Don’t share personal inf | [front] / [H4] Gaming is big business. / | [back] / [body] Many games will encourag	[front] / [H4] Not all games are made fo | [back] / [body] Do not play age-restrict | [front] / [H4] Online behaviour can be u | [back] / [body] When playing games onlin	2	[]	0,1		distinct	0
OSGM401	3.0	flipCard	4x4	16	6	[flipcard] CS – Please put flip cards 3 across if 		[front] | [back] | [front] | [back]	[body] Support new players. / [image] ht | [body] If someone on your team is new an | [body] Report or block harmful behaviour | [body] If someone is being mean, swearin	2	[]	0,1,2,3		distinct	0
OSGM401	4.0	flipCard	2x6	9	3	[Flip card image]		Front | Back | Front | Back | Front | Back	[image] https://www.istockphoto.com/vect | Setting time limits can help you or crea | [image] https://www.istockphoto.com/vect | Use gaming as a self-reward. This could  | [image] https://www.istockphoto.com/vect | Make it harder to jump into gaming so yo	2	[]	0,1		distinct	0
OSGM501	5.0	flipCard	2x6	9	3	[Flip card image]		Front | Back | Front | Back | Front | Back	[image] https://www.istockphoto.com/vect | Setting time limits can help you, or cre | [image] https://www.istockphoto.com/vect | Use gaming as a self-reward. This could  | [image] https://www.istockphoto.com/vect | Make it harder to jump into gaming so yo	2	[]	0,1		distinct	0
OSOH101	3.0	flipCard	2x4	2	0	[flip cards]		front | “That drawing is so bad.” | “You’re not good at this game.” | “I don’t want to play with you – we migh	back | “Your drawing is cool – what is it?” | “I like how you tried!” | “Let’s play together and help each other	2	[]	0,1		distinct	0
OSOH201	2.0	flipCard	3x4	8	4	[Flip card image]		Front | Back | Front | Back	**Don’t share your device without permis | **Tip:** Always ask a parent or kaiako b | **Avoid clicking on unknown links** [ima | **Tip:** Only click on links from truste	2	[]	0,1,2		distinct	0
OSOH301	2.0	flipCard	4x4	10	6	[Flip card image] 3 across may look better		Front | Back | Front | Back	**Don’t share your device without permis | **Why?** Someone could accidentally dele | **Avoid clicking on unknown links** [ima | **Why?** Some links can lead to unsafe w	2	[]	0,1,2,3		distinct	0
OSOH401	1.0	flipCard	2x8	12	4	[flip cards]		front | back | front | back | front | back | front | back	Image https://www.istockphoto.com/photo/ | **Relaxing on bed sends the brain the wr | Image / https://www.istockphoto.com/phot | **By the pool, beach in or near water.** | Image https://www.istockphoto.com/photo/ | **In the dark while on other devices** / | Image https://www.istockphoto.com/photo/ | **In a busy common area.** This is fine 	2	[]	0,1		distinct	0
OSOH501	4.0	flipCard	4x4	16	4	[flip cards] CS - can be 4 across		[front] | [back] | [front] | [back]	[H4] Social media / [image] https://www. | [body] Social media platforms are design | [H4] Streaming services / [image] https: | [body] Streaming platforms offer endless	2	[]	0,1,2,3		distinct	0
OSOH501	5.0	flipCard	4x4	16	4	[flip card]		[front] | [back] | [front] | [back]	[H3] Future pathways / [image] https://w | [body] Employers, universities, and scho | [H3] Online identity / [image] https://w | [body] Your digital footprint reflects y	2	[]	0,1,2,3		distinct	0
OSSC301	2.0	flipCard	3x6	7	1	[Flip cards]		[image] https://www.istockphoto.com/vect	[title] Unexpected contact | [title] Technical issues | [title] Password requests | [title] / Verification requests | [title] Payment requests for rewards/pri | [title] Requests from online friends	2	[]	0,1		distinct	0
OSSC501	2.0	flipCard	8x2	16	4	[flip card] CS – 2x2 layout		[front] | [back]	[H3] Taha tinana (physical wellbeing) /  | [body] Misinformation: wrong advice abou	2	[]	0,1,2,3,4,5,6,7		dupes	7
OSSM301	2.0	flipCard	4x4	10	6	[Flip card image] 3 across may look better		Front | Back | Front | Back	[image] https://www.istockphoto.com/vect | Social media can be a space where hurtfu | [image] https://www.istockphoto.com/vect | Sharing personal details online can expo	2	[]	0,1,2,3		distinct	0
OSSM401	1.0	flipCard	4x5	12	8	[flip cards]		front | **Social networks** / image https://www. | **Blogging** / image / https://www.istoc | **Video and photo sharing** / image / ht | **Community forums** / image / https://w	back | Platforms like *Facebook, Instagram* and | Sharing your thoughts, opinions or stori | Platforms like *YouTube, TikTok* and *In | Sites like *Reddit* or gaming forums whe	2	[]	0,1,2,3		distinct	0
PES1001	1.0	flipCard	5x3	0	0	[flip card activity]		Atua Māori |  | Flip	Tangaroa |  | Hydrosphere – Tangaroa is god of the sea	2	[]			distinct	0
PES1003	1.0	flipCard	2x4	0	0	[Flip card] -	these images for reference	*Please add a Gif of a gas which shows t | *Please add a Gif of a gas which shows t | *Please add a Gif of a gas which shows t | *Please add a Gif of a gas which shows t	Gas | Liquid | Solid | Plasma	2	[]			distinct	0
PES1003	8.0	flipCard	2x3	0	1	[Flip Cards]	Situations where adiabatic cooling is seen.	Fluffy cloud pic | Pic something like this | Something like this	Clouds form when moist air rises, as it  | When you are using an LPG cylinder, you  | https://youtu.be/oOY_2dm6wVc / Carb icin	3	[]			distinct	0
PES1004	7.0	flipCard	7x3	3	1	[flip cards]	Possible ways to answer and ideas to use for each 	Title and Picture to go with title (simi | Text	Was the experiment as accurate as possib | LINK | For accurate measurements we measure to 	2	[]	0,4		distinct	0
PES1007	1.0	flipCard	9x3	0	0	[make this into 3-way flip cards, word & picture o		Type of Energy | Description/Definition | Examples	Kinetic | Energy possessed by an object in motion. | • Moving ball / • Person walking / • Vib	2	[]			distinct	0
PES1007	8.0	flipCard	2x4	0	0	[Flip card] -	these images for reference	*Please add a Gif of a gas which shows t | *Please add a Gif of a gas which shows t | *Please add a Gif of a gas which shows t | *Please add a Gif of a gas which shows t	Gas | Liquid | Solid | Plasma	2	[]			distinct	0
PNR101	1.0	flipCard	6x4	19	0			[Flipcard] | Front Image | Audio Hover for front image | Flipped image	1 | [Item 10] [Image] number 1 with ? | [Item 11] [Audio] 1 - rā | [Item 12] [Image] sun	1	[]	0,1,2,3,4,5		distinct	0
PNR101	1.0	flipCard	5x4	10	0			[Flipcard]	 | Image front | Text back English | Text back Māori	1	[]	0,1,2,3,4		distinct	0
PWY1001	1.2.0	flipCard	3x4	10	10	[Flipcards]		[Front] [Image: iStock https://www.istoc | [Front] [Image: iStock: https://www.isto | [Front] [Image: iStock: https://www.isto | [Front] [Image: iStock: https://www.isto	[Front] [Image: iStock: https://www.isto | [Front] [Image: iStock: https://www.isto | [Front] [Image: iStock: https://www.isto | [Front] Image: iStock: https://www.istoc	2	[]	0,1,2		distinct	0
PWY1002	2.2.0	flipCard	1x3	3	3	[Flipcards]		[Front] [Image: iStock: https://www.isto | [Front] [Image: iStock: https://www.isto | [Front] [Image: iStock: https://www.isto		2	[]	0		distinct	0
PWY1002	3.1.0	flipCard	10x2	20	10	[Flipcards]		[Front] [Image: iStock: https://www.isto | [Back] Providing good customer service, 	[Front] [Image: iStock: https://www.isto | [Back] Following safety procedures, work	2	[]	0,1,2,3,4,5,6,7,8,9		distinct	9
PWY1007	3.0	flipCard	2x4	8	4	[Flipcards]		[Flipcard 1 front] / [Image 1: iStock: h | [Flipcard 2 front] / [Image 2: iStock: h | [Flipcard 3 front] / [Image 3: iStock: h | [Flipcard 4 front] / [Image 4: iStock: h	[Flipcard 1 back] / Details that prove w | [Flipcard 2 back] / Information about wh | [Flipcard 3 back] / Details about your p | [Flipcard 4 back] / Information about yo	2	[]	0,1		distinct	0
PWY1008	1.2.0	flipCard	4x4	16	0	[Flipcards]		[Flipcard 1 front] / **Availability** | [Flipcard 2 front] / **Experience** | [Flipcard 3 front] / **Skills and streng | [Flipcard 4 front] / **Reason for applyi	[Flipcard 1 back] / The days and times s | [Flipcard 2 back] / Things someone has d | [Flipcard 3 back] / Things someone can d | [Flipcard 4 back] / Why someone wants th	2	[]	0,1,2,3		distinct	0
PWY1008	3.1.0	flipCard	2x6	12	0	[flipcards]		[flipcard 1 front] Body language | [flipcard 2 front] Confidence | [flipcard 3 front] / Age | [flipcard 4 front] Cultural practices | [flipcard 5 front] Gender | [flipcard 6 front] Different expectation	[flipcard 2 back] / An interviewer might | [flipcard 2 back] / A person might know  | [flipcard 3 back] / An interviewee might | [flipcard 4 back] / People may have diff | [flipcard 5 back] / People might make as | [flipcard 6 back] / One person might exp	2	[]	0,1		distinct	0
PWY1009	1.2.0	flipCard	2x2	4	2	[Flipcards]		[ Flipcard front1 ] Individual employmen | [ Flipcard 2 ] Collective employment agr	[ Flipcard back 1 ] Individual employmen | [ Flipcard back 2 ] Collective employmen	2	[]	0,1		distinct	1
PWY1009	3.1.0	flipCard	2x4	8	0	[Flipcards]		[Flipcard 1 front] / A whānau member or  | [Flipcard 2 front] / Employment New Zeal | [Flipcard 3 front] / YouthLaw | [Flipcard 4 front] / Union	[Flipcard 1 back] / They can: / • read t | [Flipcard 2 back] / It provides: / • off | [Flipcard 3 back] / It can provide: / •  | [Flipcard 4 back] / If you belong to a u	2	[]	0,1		distinct	0
PWYWHA1	0.0	flipCard	1x3	3	3			[Front] Image: iSTock: where question” h | [Front] Image: iStock: word how written  | [Front] Image: iStock: whats next concep		1	[]	0		distinct	0
SSCI205	3.0	flipCard	5x2	10	0	[Flipcards]		(front) / [Image] citizen men.png / [H4] | (Back) / [Body] A citizen man was a free	(front) / [Image] women.png / [H4] Women | (Back) / [Body] Women were important in 	2	[]	0,1,2,3,4		distinct	4
SSCI205	3.0	flipCard	3x2	6	0	[Flipcards]		(front) / [Image] comedy.png / [H4] Come | (back) / [Body] Comedy plays were funny 	(front) / [Image] tragedy.png / [H4] Tra | (back) / [Body] Tragedy plays were serio	2	[]	0,1,2		distinct	2
SSCI205	4.0	flipCard	6x2	12	0	[Flipcards]		(front) / [Image] create image please /  | (Back) / [Body] The stadion was the firs	(front) / [Image] create image please /  | (Back) / [Body] Wrestling tested strengt	2	[]	0,1,2,3,4,5		distinct	5
SSCI205	5.0	flipCard	3x2	6	0	[Flipcards]		(front) / [Image] to be created to show  | (back) / [Body] Spartans trained their b	(front) / [Image] to be created to show  | (back) / [Body] Working together mattere	2	[]	0,1,2		distinct	2
SSCI205	7.0	flipCard	4x2	8	0	[Flipcards]		(front) / [Body] I make big decisions to | (back) / [Image] use image created above	(front) / [Body] I solve problems by thi | (back) / [Image] use image created above	2	[]	0,1,2,3		distinct	3
SSFUN03	0.0	flipCard	2x3	0	3	[insert flip card] Developer, please place image o		Physical Map https://www.istockphoto.com | Political Map https://www.istockphoto.co | Weather Map https://www.istockphoto.com/	This map shows natural features of an ar | This map shows where one place starts an | A weather map can show the weather condi	2	[]			distinct	0
SSOG101	1.0	flipCard	17x2	2	0	[Activity: Flip cards with Call 111 or No need to 	Activity 1A: Should I call 111?	Front | Back	Dad has lit a fire in your fireplace. Ca | No need to call 111: Fireplaces are made	6	[]	0		dupes	16
SSOG103	2.0	flipCard	16x2	24	16	[Flip cards] Can these please be created to look l		(Front) / [Image] https://www.shuttersto | (Back) / [Image] https://www.istockphoto	[Audio button] audio needs to be created	5	[]	0,1,2,3,4,5,6,7,8,9,10,11,12,13,14,15		distinct	7
SSOG103	4.0	flipCard	6x2	12	6	[Flip Cards]		(front) / [Image] https://www.istockphot | (back) / [body] because it only lives he	(front) / [Image] https://www.istockphot | (back) / [body] because it grows here.	4	[]	0,1,2,3,4,5		distinct	5
TEDC401	4.0	flipCard	1x2	2	0	[flip cards]		[H3] **Prototype: is or isn’t?** / [Body | **Prototype is NOT …** [front] / [back] 		3	[]	0		distinct	0
TEDC402	2.0	flipCard	4x4	4	0			[Activity] **1B** [Flipcards] / [H3] **D | **“Steps were recorded each day this wee | **“This week shows a steady increase in  | **“The temperature at 3 pm was 18 °C.”**	Back | Correct: Data / Explanation: A raw recor | Correct: Data story / Explanation: Someo | Correct: Data / Explanation: A single me	1	[]	0,1,2,3		distinct	0
TEDC402	2.0	flipCard	2x2	4	0	[Flip cards]		Version 1: A bar chart starting at zero  | Version 2: A bar chart starting at 20 → 	Back: In Version 1, the y axis scale sta | Back: In Version 2, the y axis scale sta	7	[]	0,1		distinct	1
TEDC402	4.0	flipCard	2x2	4	0	[Tabs or Flipcards]		Front: **What is an operating system (OS | Front: **OS Layers** / Image: Screenshot	Back: / An operating system (OS) is the  | Back: / Operating systems work in layers	4	[]	0,1		distinct	1
TEDC402	4.0	flipCard	3x5	6	5			[flipcards or hint sliders]	**Hardware layer** / Image: / https://me | **Driver layer** / Image: / : / https:// | **Operating system layer** / Image: / ht | **Application layer** / Image: / https:/ | **User layer:** / Image: / https://media	1	[]	0,1		distinct	0
TEDC402	6.0	flipCard	4x3	6	6	[Flip cards]		**Bar/Column Chart** / https://media.ist | **Line Chart** / https://media.istockpho | **Pie Chart** / https://media.istockphot	Back: Bar and column charts compare cate | Back: Line graphs show change over time  | Back: Pie charts show parts of a whole (	2	[]	1,3		distinct	0
TEDC402	8.0	flipCard	2x2	4	0	[Flipcards or clickdrops]		Front: **Pathway A** (text) | Front: **Pathway B** (visual)	Back: You might choose **Pathway A** (te | Back: You might choose **Pathway B** (vi	4	[]	0,1		distinct	1
TEFUN02	0.0	flipCard	2x4	8	4	[Insert flipcards, image on front, text on back]		[Image] https://www.istockphoto.com/phot | [Image] https://www.istockphoto.com/phot | [Image] https://www.istockphoto.com/phot | [Image] https://www.istockphoto.com/phot	[Body] Record yourself explaining your p | [Body] Use props and/or a functioning pr | [Body] Make a mind map, wireframes [hove | [Body] Make a play or movie, telling the	3	[]	0,1		distinct	0
TEFUN03	0.0	flipCard	5x5	4	0	[Flipcards] Image and title, text on the back. Box	these keys	Flipcard front | Flipcard back	[Image] CS Designed versions of Thinkers | **How To:** / We all must make decisions	3	[]	1,2,3		distinct	2
TEFUN03	0.0	flipCard	11x2	10	0	[Flipcards] Image and title, text on the back. Box	these keys	Flipcard front | Flipcard back	[Image] CS Designed versions of Thinkers | **How To:** / Write down or draw as many	2	[]	1,2,3,4,5,6,7,8,9,10		distinct	10
TEFUN08	0.0	flipCard	4x2	7	5	[Flipcard interactive]	Asking for something is making an input to a perso	**Inputs** | **Outputs** [All output images as flipca	You ask Mum for some juice to drink. [im | Mum has run out of juice. She gives you 	4	[]	0,1,2,3		distinct	3
TRR114	1.0	flipCard	5x4	0	0	[Please create flip cards of matching words. One o		ha | audio - ha | ra | audio – ra	ka | audio – ka | ta | audio – ta	3	[]			distinct	0
TRR114	3.0	flipCard	3x2	2	0			**Brain Breaks** | **Ngohe Whakatā Hirikapo**	**English** | **Te Reo Māori**	1	[]	2	bold0	distinct	2
TWHA901	0.0	flipCard	5x3	6	0			Activity 11A: Phase 2 & 3 | Activity 11B: Phase 4 & 5	Being curious is about asking questions  | [Interactive: flip card] Here is a macro	1	[]	0,1,2,4		distinct	1
TWHA906	0.0	flipCard	4x3	12	0	[interactive flip cards] 4 flip cards – colour cod		Phase 2 | Facing: Picture of your future self | Reverse: Draw a picture of what you woul	Phase 2 | Facing: I nterests | Reverse: Write a list of your interests,	2	[]	0,1,2,3		distinct	0
TWHA906	0.0	flipCard	4x3	12	4	[flip cards] DEV – colour code for phases 2 and 3		Phase 2 | Facing: Cartoon strip / [insert media it | Reverse: Design a comic where a characte	Phase 2 | Facing: Earthquake Lego tower / [insert  | Reverse: Can you build a Lego tower that	2	[]	0,1,2,3		distinct	0
TWHK901	0.0	flipCard	5x2	0	0	[interactive: Flip cards]		Images | Captions	 | **Climate Change:** Reducing greenhouse 	2	[]			distinct	0
TWHK901	0.0	flipCard	3x2	0	0	[interactive: flip card]		 | **1. Partnership (Partnership Principle)	 | **2. Cultural Recognition (Cultural Reco	5	[]			distinct	0
TWHK901	0.0	flipCard	8x2	0	0	[interactive: Flip cards]		Image | Captions	 | **Organic Waste:** Biodegradable waste t	3	[]			distinct	0
TWHK901	0.0	flipCard	2x3	6	0	[interactive: Flip Card. Title: Ways we can help]		Activity 3A: Recycle round up | Activity 3B: Upcycle fashion | Activity 3C: Composting	Try this sorting game: / [Button: Recycl | Try this interactive upcycle clothing ga | Create your own compost bin! Click this 	2	[]	0,1		distinct	0
TWHK901	0.0	flipCard	6x2	2	0	[interactive: Flip card]		Image | Caption	 | **Shop responsibly:** Choose food that h	4	[]	0		distinct	0
TWHK903	0.0	flipCard	4x2	0	0	[interactive: Flip cards – Image on the front + de		trusted adult | • Tell a trusted adult straight away. Th	blocking | • Remember the **BIRDS** acronym and car	3	[]			distinct	3
WJFUN106	0.0	flipCard	2x5	2	0	[Flipcards]		[front] | Capital Letter | A Complete Idea | Finger Spacing | Punctuation Mark	[back] | A sentence always starts with a capital  | A sentence tells one complete idea or th | Has spaces between all of the words. | Ends with a full stop (sometimes called 	2	[]	0,1		distinct	0
WJFUN106	0.0	flipCard	3x2	3	0	[flipcards]		[Cards – Front] | [Back]	Capital Letter | We use a capital letter to begin a sente	3	[]	0,1		distinct	2
WJFUN108	0.0	flipCard	4x2	2	0	[flipcards]		3 Cards - Front | Back	Simple Sentence | • I visited the West Coast. / • The West	3	[]	0		distinct	3
WJFUN210	0.0	flipCard	2x3	6	0	[Flipcards]		Front / We went down the river. | Front / I climbed up the mountain. | Front / I saw an eel.	Back We drifted slowly down the peaceful | Back I clambered up the mountain, exhaus | Back The slippery eel darted through the	2	[]	0,1		distinct	0
WJFUN212	0.0	flipCard	2x3	6	0	[Flipcards]		Front / We went to Maketu Beach. | Front / I jumped off the rock into the r | Front / I liked the pie.	Back We coasted along until we reached t | Back I leapt off the slippery rocks into | Back The pie was rich and tasty, with a 	2	[]	0,1		distinct	0
XDLS912	2.0	flipCard	1x3	3	0	[insert flip cards. Front = icon, reverse = descri		1. [insert created image] | 2. [Image] no entry signage | 3. [insert image like this]		2	[]	0		distinct	0
XDLS912	2.0	flipCard	7x2	7	0	[Flip cards: Front = Images, reverse = description		[Image] Fire in house | A fire in your home.	[Image] victims of car accident | You or someone else has had a car accide	2	[]	0,1,2,3,4,5,6		distinct	6
XGF9001	2.0	flipCard	2x4	8	0	[Insert flip cards]		[Card 1] / [Front] No one explains what  | [Card 2] / [Front] The stuff we do in sc | [Card 3] / [Front] Parents, teachers, an | [Card 4] / [Front] Kids often tease us a	[Card 5] / [Front] Friends who really un | [Card 6] / [Front] We feel too different | [Card 7] / [Front] We feel overwhelmed b | [Card 8] / [Front] We worry a lot about 	2	[]	0,1		distinct	0
XGF9001	3.0	flipCard	2x3	6	0	[Insert flipcards] [H3]	Examples of sensory factors in a learning environm	[Card 1] [H3] Lighting / • Bright overhe | [Card 2] [H3] Sound / • Silence versus b | [Card 3] [H3] Seating and movement / • S	[ Card 4] [H3] Temperature and comfort / | [Card 5] [H3] Smell / • Fresh air from o | [Card 6] [H3] Touch and texture / • Smoo	2	[]	0,1		distinct	0
XGF9001	4.0	flipCard	2x4	8	0	[Insert flip cards]		[Front] I’m just not good at this. / [Ba | [Front] I should already know how to do  | [Front] I always mess things up. / [Back | [Front] I'm different from everyone else	[Front] School feels too easy sometimes, | [Front] I can’t concentrate – I must not | [Front] I get overwhelmed by my big emot | [Front] I always overthink everything – 	2	[]	0,1		distinct	0
XGF9001	5.0	flipCard	2x4	8	0			[Front] / [Back] Write a poem or your pe | [Front] / [Back] Create or remix a waiat | [Front] / [Back] Sketch or paint a scene | [Front] / [Back] Choreograph a dance or 	[Front] / [Back] Tell a pūrākau (traditi | [Front] / [Back] Weave, build, or carve  | [Front] / [Back] Use symbols and motifs  | [Front] / [Back] Your choice – you can a	1	[]	0,1		distinct	0
XGF9002	1.0	flipCard	2x5	10	0	[Insert flipcards]		[Front] / [H3] Myth 1 / Gifted learners  | [Front] / [H3] Myth 2 / Gifted learners  | [Front] / [H3] Myth 3 / Gifted learners  | [Front] / [H3] Myth 4 / Giftedness is on | [Front] / [H3] Myth 5 / Gifted learners 	[Front] / [H3] Myth 6 / Gifted learners  | [Front] / [H3] Myth 7 / Giftedness looks | [Front] / [H3] Myth 8 / If a child is gi | [Front] / [H3] Myth 9 / Gifted learners  | [Front] / [H3] Myth 10 / Giftedness mean	4	["accordion"]	0,1		distinct	0
XGF9002	2.0	flipCard	1x4	4	0	[Insert flip cards]		[Front] [H3] Scenario 1: “This is too ha | [Front] [H3] Scenario 2: “Nobody underst | [Front] [H3] Scenario 3: “The rule isn’t | [Front] [H3] Scenario 4: “I made one mis		3	[]	0		distinct	0
XGF9002	3.0	flipCard	2x3	6	0	[Insert flip cards]		[Card 1] [Front] [H3] “My child thinks i | [Card 2] [Front] [H3] “I often say thing | [Card 3] [Front] [H3] “My child gives up	[Card 4] [Front] [H3] “I praise my child | [Card 5] [Front] [H3] “When my child avo | [Card 6] [Front] [H3] “When my child bec	2	[]	0,1		distinct	0
XGF9002	3.0	flipCard	2x3	6	0	[Insert flip cards]		[Card 1] [Front] [H3] “You’re so smart.  | [Card 2] [Front] [H3] “Don’t worry about | [Card 3] [Front] [H3] “It’s fine if you 	[Card 4] [Front] [H3] “This is too hard  | [Card 5] [Front] [H3] “You’re the best a | [Card 6] [Front] [H3] “You always give u	2	[]	0,1		distinct	0
XGF9002	6.0	flipCard	2x3	6	0	[Insert interactive flip cards – CS – this might l		[Flip card 1] / [Front][H3] **Your child | [Flip card 2] / [Front][H3] **Your child | [Flip card 3] / [Front][H3] **Your child	[Flip card 4] / [Front][H3] **Your child | [Flip card 5] / [Front][H3] **Your child | [Flip card 6] / [Front][H3] **Your child	2	[]	0,1		distinct	0
XGF9002	7.0	flipCard	2x3	6	0	[Insert interactive flip cards – CS – this might l		[Flip card 1] / [Front] [H3] **Your chil | [Flip card 2] / [Front] [H3] **Your chil | [Flip card 3] / [Front] [H3] **Your chil	[Flip card 4] / [Front] [H3] **Your chil | [Flip card 5] / [Front] [H3] **Your chil | [Flip card 6] / [Front] [H3] **Your chil	2	[]	0,1		distinct	0
XGF9003	1.0	flipCard	2x4	8	7	[Flip cards]		[Card 1] / [Image] https://www.istockpho | [Card 2] / [Image] https://www.istockpho | [Card 3] / [Image] https://www.istockpho | [Card 4] / [Image] https://www.istockpho	[Card 5] / [Image] / [Front H2] Declutte | [Card 6] / [Image] https://www.istockpho | [Card 7] / [Image] https://www.istockpho | [Card 8] / [Image] https://www.istockpho	2	[]	0,1		distinct	0
XGF9004	3.0	flipCard	2x4	8	8	[Insert flip cards –might be too big and might nee	Famous Philosophers through History	[Flip card 1] / [Front] https://www.isto | [Flip card 2] / [Front] https://www.isto | [Flip card 3] / [Front] https://www.isto | [Flip card 4] / [Front] https://www.isto	[Flip card 5] / [Front] https://www.isto | [Flip card 6] / [Front] https://www.isto | [Flip card 7] / [Front] https://en.wikip | [Flip card 8] / [Front] https://en.wikip	2	[]	0,1		distinct	0
XGF9004	8.0	flipCard	1x3	3	0			[Flip card 1] / [Front] [H3] Needs / [Im | [Flip card 2] / [Front] [H3] Wants / [Im | [Flip card 3] / [Front] [H3] Choices / [		1	[]	0		distinct	0
XGF9004	9.0	flipCard	1x3	3	0	[Insert flip cards]		[Front] [H3] The value of stories / [Bac | [Front] [H3] Caring for others / [Back]  | [Front] [H3] Change and resilience / [Ba		3	["carousel"]	0		distinct	0
XGF9004	17.0	flipCard	1x4	4	0			[Front] Everything natural is good for y | [Front] Humans are separate from nature. | [Front] Something made by humans can’t b | [Front] Protecting nature is less import		1	[]	0		distinct	0
XGF9004	17.0	flipCard	1x4	4	0			[Front] A real friend always agrees with | [Front] Friends should never let each ot | [Front] A friend should put your needs b | [Front] Friendship only counts if you se		1	[]	0		distinct	0
XGF9004	17.0	flipCard	1x4	4	0			[Front] Seeing is believing. / [Back] /  | [Front] Dreams aren’t real. / [Back] / • | [Front] Feelings aren’t real because you | [Front] Something is only real if everyo		1	[]	0		distinct	0
XGF9006	1.0	flipCard	3x2	6	2	[Insert flip cards]		Flip card 1 | Flip card 2	[Front] What is an interest? / [Image] h | [Front] What is a passion? / [Image] htt	2	[]	0,1,2		distinct	2
XGF9006	3.0	flipCard	2x3	6	6	[Insert flip cards – CS – would these be better as		[Flip card 1] / [Front] / [H3] Science a | [Flip card 2] / [Front] / [H3] Philosoph | [Flip card 3] / [Front] / [H3] Social im	[Flip card 4] / [Front] / [H3] Arts, cre | [Flip card 5] / [Front] / [H3] Language, | [Flip card 6] / [Front] / [H3] Mind, ide	2	[]	0,1		distinct	0
XGF9006	5.0	flipCard	2x4	8	8	[Insert interactive – Flip cards]		[Card 1] / [Front] I like to **talk and  | [Card 2] / [Front] I love to **create pi | [Card 3] / [Front] I enjoy **designing a | [Card 4] / [Front] I express myself thro	[Card 5] / [Front] I love to **perform a | [Card 6] / [Front] I like to **build, ma | [Card 7] / [Front] I like to **write and | [Card 8] / [Front] I want my project to 	3	[]	0,1		distinct	0
XGF9006	6.0	flipCard	2x4	8	8	[Insert flip cards]		[Card 1] / [Front] Give a talk / [Image] | [Card 2] / [Front] Make a video / [Image | [Card 3] / [Front] Create an artwork / [ | [Card 4] / [Front] Perform it / [Image] 	[Card 5] / [Front] Make a display / [Ima | [Card 6] / [Front] Tell a story / [Image | [Card 7] / [Front] Build a website / [Im | [Card 8] / [Front] Record a podcast / [I	2	[]	0,1		distinct	0
XGF9006	7.0	flipCard	2x4	8	8			[Door 1 Front] https://www.istockphoto.c | [Door 2 Front] https://www.istockphoto.c | [Door 3 Front] https://www.istockphoto.c | [Door 4 Front] https://www.istockphoto.c	[Door 5 Front] https://www.istockphoto.c | [Door 6 Front] https://www.istockphoto.c | [Door 7 Front] https://www.istockphoto.c | [Door 8 Front] https://www.istockphoto.c	1	[]	0,1		distinct	0
XLP01	1.0	flipCard	2x5	5	0	[interactive: flip cards in a grid-like layout. Pi		Body language | Sign language | Pictures from a choice board | AAC devices | Speech	[image] body language | [image] sign language | [image] Coreboards | [image] AAC device | [image] speech	2	[]	1		distinct	0
XLP01	2.0	flipCard	3x1	0	0	[Flip card with Acronym word on the front – descri		**C = Comment**	**A = Ask questions**	2	[]		bold0	distinct	0
XLP02	1.0	flipCard	3x4	0	0	[interactive: flip cards] front = picture Reverse 		Water play | cooking | whanau events | ball sports	shopping | Spending time with family/whānau | sensory play | playing music	4	[]			distinct	0
XLP02	4.0	flipCard	11x2	11	0	[insert Flip cards] Image on front, description on		[image] flour | Flour	[image] salt | Salt	2	[]	0,1,2,3,4,5,6,7,8,9,10		distinct	10
XLP02	5.0	flipCard	4x2	0	0	[Insert Flip card] Front has image, reverse has WH		Twinkl resource | • Look at the image. It could be a photo	Twinkl resource | 2. Ask ākonga to say/identify **what the	2	[]			distinct	3
XLP03	0.0	flipCard	3x2	3	0	[insert interactive: Flip cards centre of page, st		Language [ Dev team to include word labe | **Language** / • Saying numbers aloud. /	[image] Tagging one-to-one | **Number sense concepts** / • One-to-one	2	[]	0,1,2		distinct	2
XLP03	1.0	flipCard	3x2	3	0	[Insert flip cards with images]		[image] model counting on fingers | • **Model** – every day. For short burst	[image] person with Downs Syndrome count | • **Do** (if possible) deliberate physic	2	[]	0,1,2		distinct	2
XLP03	2.0	flipCard	4x2	4	0	[insert flip cards. Image on front – description o		[image] requesting fruit and snacks | Requesting food such as fruit and snacks	[image] dancing | Dancing together to music. Stop the musi	2	[]	0,1,2,3		distinct	3
XLP03	4.0	flipCard	4x2	4	0	[insert flip cards – image on front, words on reve		[image] dominoes | **Dominoes** – The dot patterns naturall	[image] dice | **Dice** – Rolling a die is a great way 	2	[]	0,1,2,3		distinct	3
XLP04	1.0	flipCard	6x2	6	0	[insert flip card – Front = image, Reverse = descr		[image] eating choc ice-cream | Foods we like to eat.	[image] park walk | Places we like to be.	2	[]	0,1,2,3,4,5		distinct	5
XMES101	7.0	flipCard	1x3	3	0	[interactive: flip cards image on front, words on 		[image] man looking happy / Happy | [image] Girl with surprised expression / | [image] man looking sad / Sad		2	[]	0		distinct	0
XMES101	7.0	flipCard	2x3	3	0	[flip cards] Image on the front, text on the back		Try making a surprised face in your mirr | Try to make a happy face. Use your smile | Can you show your learning partner a sad	[image] Girl with surprised expression | [image] man looking happy | [image] man looking sad	2	[]	1		distinct	0
XMES102	2.0	flipCard	5x2	0	0	[Interactive: Flip card]		 | A guitar because they love music.	 | Beads from a best friend.	5	[]			distinct	0
XMES103	2.0	flipCard	2x6	6	0	[interactive: Flip card with numbers on reverse]		[image] yellow duckling | [image] yellow duckling | [image] yellow duckling | [image] yellow duckling | [image] yellow duckling | [image] Mother duck	**1** | **2** | **3** | **4** | **5** | **6**	3	[]	0		distinct	0
XMES103	4.0	flipCard	2x4	8	0	[interactive: Flip cards for each image + captions		[image] mt cook | [image] Hokitika river | [image] family picture | [image] Picture of person	[Dev team make these into speech bubbles | [Dev team make these into speech bubbles | [Dev team make these into speech bubbles | [Dev team make these into speech bubbles	2	[]	0,1		distinct	0
XMES103	5.0	flipCard	6x2	5	0	[interactive: Flip cards with captions on reverse 		Images | Instructions/Captions	[image] paper and art materials | **Materials needed:** / • Large sheet of	2	[]	1,2,3,4,5		distinct	5
XMES201	1.0	flipCard	6x2	0	0	[insert flip cards with English words and Te Reo o	audio clips for Māori pet names	Dog dog on white background | Kuri	Cat tabby cat | Ngeru	3	[]			distinct	5
XMES201	1.0	flipCard	1x2	2	0	[insert flip card images – image on front, name of		[image] brown rabbit | [image] brown cat		4	[]	0		distinct	0
XMES201	2.0	flipCard	2x4	4	0	[Flipcards – image on the front, words of the back		[image] dog eating | [image] rabbit and guinea pig | [image] budgies eating seed | [image] goats and horse eating hay	Dogs and cats eat kibble and meat. | Rabbits and guinea pigs eat vegetables a | Birds eat seeds and berries. | Goats, sheep and horses eat grass and ha	2	[]	0		distinct	0
XMES201	2.0	flipCard	4x2	4	0	[insert flipcards with images on the front, text o		[image] dog with collar and leash | A dog needs a leash and collar to walk s	[image] cat with collar and toy | A cat needs a collar and some toys.	2	[]	0,1,2,3		distinct	3
XMES201	2.0	flipCard	2x4	4	0	[insert flip cards with images]		[image] cat toy | [image] dog toy | [image] bird toy | [image] hamster wheel	Feathers and pretend mice. | Balls, ropes and chews. | Mirrors and bells. | Wheel and/or tunnels.	2	[]	0		distinct	0
XMES203	5.0	flipCard	6x2	12	0	[insert flip cards – image on front, words on reve		[image] pet sleeping | cosy	[image] Sunlight and stars | exciting	2	[]	0,1,2,3,4,5		distinct	5
XTAS102	2.0	flipCard	2x3	6	0	[insert flip cards – image on front, number on rev		[image] 1 kitten | [image] 2 eggs | [image] 3 coloured balls	1 | 2 | 3	2	[]	0,1		distinct	0
XTAS103	2.1	flipCard	2x4	4	0	[insert flipcards with images on the front and cap		[image] person with book on head | [image] person holding book to face | [image] sitting beside books | [image] person standing in front of book	Stand **under** the book. | Stand **behind** the book. | Sit **next to** or **beside** the book. | Stand in front of the book.	2	[]	0		distinct	0
XTAS103	4.0	flipCard	3x3	0	0	[insert flip cards – image on front, words on reve		kick | wave | high five	fist bump | clap | lunges	2	[]			distinct	0
