PMT101	PMT101_1_0.html	Bilingual	3	“Nā te whakapapa ka noho whanaunga ngā mea katoa o te ao.”	“Because of whakapapa, everything in the world is related.”	row/col-md-8/col-12
PNR101	PNR101_1_0.html	Bilingual	2	Haere whakaparirau i a koe, haere whakamanu.	Go, discover your wings, then fly like a bird.	col-md-8/col-12/col-12
PNR102	PNR102_1_0.html	Bilingual	2	Haere whakaparirau i a koe, haere whakamanu.	Go, discover your wings, and fly like a bird.	col-md-8/col-12/col-12
PNR104	PNR104_1_0.html	Bilingual	2	Haere whakaparirau i a koe, haere whakamanu.	Go, discover your wings, and fly like a bird.	row/col-md-8/col-12
PNR107	PNR107_0_0.html	Bilingual	2	Haere whakaparirau i a koe, haere whakamanu.	Go and discover your wings, and soar like a bird.	row/col-md-8/col-12
TRR102	TRR102_1.0.html	Bilingual	3	Ko te reo Māori te kākahu o te whakaaro, te huarahi i te ao tūroa.	Te reo Māori helps us share our thoughts and find our way in the world	col-md-8/col-12/col-12
TRR103	TRR103_1.0.html	Bilingual	3	Ko te reo Māori te kākahu o te whakaaro, te huarahi i te ao tūroa.	Te reo Māori helps us share our thoughts and find our way in the world	col-md-8/col-12/col-12
TRR104	TRR104_1.0.html	Bilingual	3	Ko te reo Māori te kākahu o te whakaaro te huarahi i te ao tūroa.	Te reo Māori helps us share our thoughts and find our way in the world	row/col-md-8/col-12
TRR105	TRR105_1.0.html	Bilingual	3	Ko te reo Māori te kākahu o te whakaaro te huarahi i te ao tūroa	Te reo Māori helps us share our thoughts and find our way in the world	col-md-8/col-12/col-12
TRR106	TRR106_1.0.html	Bilingual	3	Ko te reo Māori te kākahu o te whakaaro, te huarahi i te ao tūroa.	Te reo Māori helps us share our thoughts and find our way in the world	col-md-8/col-12/col-12
TRR107	TRR107_0.0.html	Bilingual	2	Mō te manu, ko ngā huruhuru ngā mea e taea ai te rere. Mō tātou, ko te	For a bird, feathers are what make flying possible. For us, learning, 	col-md-8/col-12/col-12
TRR108	TRR108_0.0.html	Bilingual	2	Ko te manu e kai ana i te miro nōna te ngāhere. Ko te manu e kai ana i	The bird that eats the miro berry owns the forest. The bird that eats 	col-md-8/col-12/col-12
TRR109	TRR109_1.0.html	Bilingual	2	He taonga tuku iho tō tātou reo, i heke mai i ō tātou tīpuna.	Our language is a treasure handed down to us by our ancestors.	row/col-md-8/col-12
TRR110	TRR110_1_0_ea.html	Bilingual	2	He taonga te reo, he taonga nā ngā tūpuna, he taonga tuku iho.	Our language is a treasure handed down to us by our ancestors.	row/col-md-8/col-12
TRR111	TRR111_1.0.html	Bilingual	2	He taonga te reo, he taonga nā ngā tūpuna, he taonga tuku iho.	Our language is a treasure handed down to us by our ancestors.	col-md-8/col-12/col-12
TRR112	TRR112_1.0.html	Bilingual	2	He taonga te reo, he taonga tuku iho nā ngā tūpuna.	Our language is a treasure handed down to us by our ancestors.	col-md-8/col-12/col-12
TRR113	TRR113_1.0.html	Bilingual	2	He taonga te reo, he taonga nā ngā tūpuna, he taonga tuku iho.	Our language is a treasure handed down to us by our ancestors.	col-md-8/col-12/col-12
TRR114	TRR114_1.0.html	Bilingual	2	He iti te mokoroa nāna i kakati te kahikatea.	Even the small grub can fell the great kahikatea tree.	col-md-8/col-12/col-12
TRR115	TRR115_1.0.html	Bilingual	2	He kai kei aku ringa	There is food at the tips of my hands	col-md-8/col-12/col-12
TRR116	TRR116_1_0.html	Bilingual	2	He taonga te reo, he taonga nā ngā tūpuna, he taonga tuku iho.	Our language is a treasure handed down to us by our ancestors.	row/col-md-8/col-12
TRR203	TRR203_0.0.html	Bilingual	2	"Tuia te tamaiti ki ngā aka taumatua, kaua e tuia ki ngā aka taepa. Me	"Bind the child to the mature vines, do not bind them to the new shoot	row/col-md-8/col-12
TRR301	TRR301_0.0.html	Bilingual	2	Mā te huruhuru, ka rere te manu.	With feathers, the bird can fly.	row/col-md-8/col-12
TRR304	TRR304_0.0.html	Bilingual	2	Tuia te tamaiti ki ngā aka taumatua, kaua e tuia ki ngā aka taepa. Me 	Bind the child to the mature vines, do not bind them to the new shoots	row/col-md-8/col-12
JPFUN01	JPFUN01_0_0.html	Fundamentals	2	Kāore te kumara e kōrero ana mo tōna ake reka.	The kumara does not brag about its own sweetness.	row/col-md-8/col-12
SSFUN01	SSFUN01.html	Fundamentals	2	Ehara tāku toa it te toa takitahi, engari he toa takitini.	My success is not the work of an individual, but the work of many.	col-md-8/col-12
WJFUN210	WJFUN210_0_0.html	Fundamentals	2	"Ko au te awa, ko te awa ko au."	I am the river, and the river is me.	row/col-md-8/col-12
XFUN01	XFUN01.00.html	Fundamentals	2	He moana pukepuke e ekengia e te waka	A choppy sea can be navigated by a waka	col-md-8/col-12/col-12
CEDK401	CEDK401 Food Sustainability.html	Inquiry	2	Hei kai kei aku ringa	There is food at the end of my hands	col-md-8/col-12/col-12
CEDK501	CEDK501 Kia Mahitahi – Idea to Action.html	Inquiry	2	Ehara taku toa i te toa takitahi, engari he toa takitini.	My strength is not that of an individual but that of many.	col-md-8/col-12/col-12
CEDK501	CEDK501_0.0.html	Inquiry	2	Ehara taku toa i te toa takitahi, engari he toa takitini.	My strength is not that of an individual but that of many.	row/col-md-8/col-12
CEDK501	CEDK501_5.0.html	Inquiry	2	Ehara taku toa i te toa takitahi, engari he toa takitini.	My strength is not that of an individual, but that of the collective.	col-md-8/col-12/col-12
CEDO102	CEDO102_0.0.html	Inquiry	2	Ko te wai te ora ngā mea katoa.	Water is the life giver of all things.	row/col-md-8/col-12
CEDO202	CEDO202_0.0.html	Inquiry	2	Iti noa ana he pito mata	From the withered tree a flower blooms	row/col-md-8/col-12
CEDR101	CEDR101 Who's leading the game.html	Inquiry	2	Kia tū maia, kia tū pakari, engāri me pono ana te noho whakaiti i te a	Be brave, be strong, but always be humble in the world of sports.	row/col-md-8/col-12
CEDR203	CEDR203_0.0.html	Inquiry	2	Toitū te marae a Tāna-Mahuta, toitū te marae a Tangaroa, toitū te tang	If the land is well and the sea is well, the people will thrive.	row/col-md-8/col-12
CEDR203	CEDR203_0.0.html	Inquiry	2	Ahakoa he iti he pounamu.	Although it is small it is a treasure.	row/col-md-8/col-12
CEDR204	CEDR204 STOMP.html	Inquiry	2	Ko te reo o te taiao, ko te reo o te tangata.	The voice of the environment is the voice of the people.	col-md-8/col-12/col-12
CEDR401	CEDR401 Leadership and Information.html	Inquiry	2	He maurea kai whiria!	Ignore small matters and direct effort toward important projects.	row/col-md-8/col-12
CEDT102	CEDT102.html	Inquiry	7	Let each star in the sky shine its own light	In this module we are going to learn about diversity and what makes us	row/col-md-8/col-12
CEDT104	CEDT104 Waiata In Motion.html	Inquiry	2	Toi te kupu, toi te mana, toi te whenua	Hold fast to our culture, our mana, and our land	col-md-8/col-12/col-12
CEDT207	CEDT207 Me, my selfie and I.html	Inquiry	2	Ehara taku toa i te toa takitahi engari he toa takitini.	I come not with my own strengths but bring with me the gifts, talents 	row/col-md-8/col-12
CEDT207	CEDT207_0.0.html	Inquiry	2	Ehara taku toa i te toa takitahi engari he toa takitini.	I come not with my own strengths but bring with me the gifts, talents 	row/col-md-8/col-12
CEDT208	CEDT208 Patterns Of The Pacific.html	Inquiry	2	Ko toku Tokiga e mau ai toku hikohikomaga	My culture and language consolidate my learning environment.	col-md-8/col-12/col-12
CEDT301	CEDT301 My place and me.html	Inquiry	2	E kore au e ngaro; he kākano i ruia mai i rangiātea.	We know who we are and where we come from; therefore, we can move forw	row/col-md-8/col-12
CEDT301	CEDT301_0.0.html	Inquiry	2	E kore au e ngaro; he kākano i ruia mai i rangiātea.	We know who we are and where we come from; therefore, we can move forw	row/col-md-8/col-12
CEDT404	CEDT404.html	Inquiry	2	E koekoe te tūī, e ketekete te kākā, e kūkū te kererū.	There is unity in diversity.	col-md-8/col-12/col-12
CEDW101	CEDW101 Manaakitanga.html	Inquiry	2	He aroha whakatō, he aroha puta mai.	If kindness is sown, then kindness you shall receive.	row/col-md-8/col-12
CEDW201	CEDW201 The Language of Kindness and Caring.html	Inquiry	2	He aroha whakatō, he aroha puta mai.	If kindness is sown, then kindness you shall receive.	row/col-md-8/col-12
CHWHA	CHWHA_0_0.html	Inquiry	2	Ko tōu reo, ko tōku reo, te tuakiri tangata. Tihei uriuri, tihei nakon	Your voice and my voice are expressions of identity. May our descendan	row/col-md-8/col-12
EXPFUN06	EXPFUN06_0.html	Inquiry	2	Ko te mātauranga te kākahu o te rangatira.	Knowledge is the garment of the chief.	row/col-md-8/col-12
GEWHA	GEWHA_0_0.html	Inquiry	2	Ko tōu reo, ko tōku reo, te tuakiri tangata. Tihei uriuri, tihei nakon	Your voice and my voice are expressions of identity. May our descendan	row/col-md-8/col-12
TWHA901	TWHA901 Be a Learner.html	Inquiry	2	Whāia te mātauranga hei oranga mō koutou.	Seek after learning for the sake of your wellbeing.	row
TWHA902	TWHA902 Be a Communicator.html	Inquiry	2	Ko tōku reo tōku ohooho. Ko tōku reo tōku māpihi maurea	My language is my awakening. My language is the window to my soul.	row/col-md-8/col-12
TWHA903	TWHA903 The world around us.html	Inquiry	2	Mā te kimi ka kite, mā te kite ka mōhio, mā te mōhio ka Mārama.	Seek and discover. Discover and know. Know and become enlightened.	row/col-md-8/col-12
TWHA904	TWHA904 The Way We Move.html	Inquiry	2	Mā te kimi ka kite, mā te kite ka mōhio, mā te mōhio ka mārama.	Seek and discover. Discover and know. Know and become enlightened.	col-12/row/col-12
TWHA905	TWHA905 The way we make food.html	Inquiry	2	Whatungarongaro te tangata, toitū te whenua	As man disappears from sight, the land remains.	row/col-md-8/col-12
TWHA906	TWHA906 Whakamana and Resilience.html	Inquiry	2	Whāia e koe te iti kahurangi ki te tūohu koe, me he maunga teitei	Pursue excellence – should you stumble, let it be to a lofty mountain	row/col-md-8/col-12
TWHA906	TWHA906 Whakamana and Resilience.html	Inquiry	2	Kua takoto te manuka.	The leaves of the manuka tree have been laid down.	row/col-md-8/col-12
TWHA906	TWHA906 Whakamana and Resilience.html	Inquiry	2	It’s not the mountain we conquer but ourselves.	– Sir Edmund Hillary	row/col-md-8/col-12
TWHA906	TWHA906 Whakamana and Resilience.html	Inquiry	2	“Do not judge me by my success, judge me by how many times I fell down	– Nelson Mandela	row/col-md-8/col-12
TWHK902	TWHK902_0.0.html	Inquiry	2	Manaaki whenua, Manaaki tangata, Haere whakamua.	Care for the land, Care for the People, Go forward	row/col-md-8/col-12
TWHK907	TWHK907.html	Inquiry	2	Te pae tawhiti whāia kia tata, ko te pae tata, whakamaua kia tina	Seek out the distant horizons and then cherish those you attain.	row/col-md-8/col-12
TWHK907	TWHK907.html	Inquiry	2	Ko te pae tawhiti whāia kia tata, ko te pae tata, whakamaua kia tina –	Seek out the distant horizons and then cherish those you attain.	row/col-md-8/col-12
TWHK907	TWHK907.html	Inquiry	2	Ko te manu e kai ana i te miro nōnā te ngahere. Ko te manu e kai ana i	The bird that consumes the miro berry owns the forest. The bird that c	row/col-md-8/col-12
TWHR905	TWHR905.html	Inquiry	2	He manako te kōura i kore ai	Wishing for the crayfish won't bring it.	row/col-md-8/col-12
TWHR907	TWHR907 Growing Leadership.html	Inquiry	26	As a leader we gain knowledge, and we communicate knowledge with other	Leadership is like being the captain of a team. It's about helping and	row/col-md-8/col-12
XDLS901	XDLS901.00.html	Inquiry	2	Ka whakaute ahau i ahau anō	I will respect myself.	col-md-8/col-12/col-12
XDLS901	XDLS901.04.html	Inquiry	2	Whāia te iti kahurangi ki te tūohu koe me he maunga teitei.	Seek the treasure you value most dearly.	col-12
XDLS903	XDLS903.00.html	Inquiry	2	Whangaia ka tupu. Ka puāwai	That which is nurtured blossoms and grows.	row/col-md-8/col-12
XDLS909	XDLS909.00.html	Inquiry	2	He aha te mea nui o te ao? He tāngata! He tāngata! He tāngata!	What is the most important thing in the world? It is people! It is peo	row/col-md-8/col-12
AGH1001	AGH1001.03.html	Standard	2	Whatungarongaro te tangata, toitū te whenua	People disappear from sight, but the land remains.	row/col-md-8/col-12
AGH1002	AGH1002.01.html	Standard	2	Te toto o tetangatahe kai, teorangao tetangata, he whenua, he oneone.	While food provides the blood in our veins, our health is drawn from t	row/col-md-8/col-12
AGH1005	AGH1005.01.html	Standard	2	Taiao ora, whenua ora, tāngata ora.	Healthy nature, healthy land, healthy people. When the environment and	row/col-md-8/col-12
AGH1008	AGH1008.01.html	Standard	2	Manaaki whenua, manaaki tangata, haere whakamua.	Care for the land, care for the people, go forward.	row/col-md-8/col-12
ANZH104	ANZH104_00.0.html	Standard	2	Ka Mua, Ka Muri	Walking backwards into the future	col-md-8/col-12/col-12
ANZH105	ANZH105_00.0.html	Standard	2	Kō ngā tahu ā ō tapuwai inanahi, hei tauira mō āpōpō	The footsteps laid down by our ancestors create the paving stones upon	row/col-md-8/col-12
ANZH205	ANZH205_00.0.html	Standard	2	E kore au e ngaro; he kākano i ruia mai i Rangiātea	Māori history is the foundational and continuous history of Aotearoa N	col-md-8/col-12/col-12
ANZH301	ANZH301_0.0.html	Standard	1	Ka mate kāinga tahi, ka ora kāinga rua		col-md-8/col-12/col-12
ANZH303	ANZH303_0.0.html	Standard	2	Ki te kotahi te kākaho, ka whati. Ki te kāpuia, e kore e whati.	When we stand alone, we are vulnerable. But together we are unbreakabl	row/col-md-8/col-12
ANZH304	ANZH304_0.0.html	Standard	2	Pai tū Pai hinga Nāwai rā Ka oti	Good to stand, good to fall. Continue on and eventually the work is co	row/col-md-8/col-12
ANZH404	ANZH404_0.0.html	Standard	2	Kia kaha, kia māia, kia manawatu	Be strong, be brave, be steadfast.	col-md-8/col-12/col-12
ANZH404	ANZH404_2.0.html	Standard	3	Kia rangatira te tū a Te Pāti Māori hei rōpū whakatinana i ngā rau waw		col-12/tab-pane/col-12
BLLR201	BLLR201_0_0.html	Standard	2	Mā te kimi ka kite, mā te kite ka mōhio, mā te mōhio ka mārama.	Seek and discover, discover and know, know and become enlightened.	row/col-md-8/col-12
CBI1004	CBI1004_0_0.html	Standard	2	Mā te whakaaro nui e hanga te whare; mā te mātauranga e whakaū.	Big Ideas create the house; knowledge maintains it.	row/col-md-8/col-12
CBI1005	CBI1005_0_0.html	Standard	2	E kore au e ngaro, he kākano i ruia mai i Rangiātea.	I will never be lost, for I am a seed sown in Rangiātea.	row/col-md-8/col-12
CEDO105	CEDO105.0.0.html	Standard	2	"Mauri tū, mauri ora"	An active soul is a healthy soul	col-md-8/col-12
CEDO301	CEDO301_0.0.html	Standard	2	Whāia te mātaranga hei oranga mō koutou	Seek knowledge for the sake of your wellbeing.	row/col-md-8/col-12
CEDO501	CEDO501_0.0.html	Standard	2	Nāu te rourou, nāku te rourou, ka ora ai te iwi.	With your food basket and my food basket, the people will thrive.	row/col-md-8/col-12
CEDO502	CEDO502_0_0.html	Standard	2	He kai kei aku ringa.	There is food at the end of my hands.	row/col-md-8/col-12
CEDR501	CEDR501_0.0.html	Standard	2	Ko to kai a te rangatira he kōrero.	The food of chiefs is dialogue.	col-md-8/col-12/col-12
CEDT501	CEDT501_0.0.html	Standard	2	Kōrero mai, kōrero atu – mā te kōrero ka mōhio.	Speak to me, speak back – through dialogue comes understanding.	row/col-md-8/col-12
CEDT501	CEDT501_1.0.html	Standard	2	He aroha whakatō, he aroha puta mai	If kindness is sown, then kindness you shall receive.	row/col-md-8/col-12
CEDT501	CEDT501_8.0.html	Standard	2	Ko te kai a te rangatira, he kōrero.	The food of chiefs is dialogue.	row/col-md-8/col-12
CEDW501	CEDW501_0.0.html	Standard	2	He kākano ahau i ruia mai i Rangiātea.	I am a seed sown from Rangiātea.	row/col-md-8/col-12
CEDW501	CEDW501_1.0.html	Standard	2	"Ko au te whenua, ko te whenua ko au."	I am the land, and the land is me.	row/col-md-8/col-12
CEDW501	CEDW501_6.0.html	Standard	2	Mā te huruhuru ka rere te manu.	Adorn the bird with feathers so it can fly.	row/col-md-8/col-12
CHI1003	CHI1003_0_0.html	Standard	2	Māku e kii atu, he tāngata, he tāngata, he tāngata.	It is people, it is people, it is people.	row/col-md-8/col-12
CHI1004	CHI1004_0_0.html	Standard	2	Māku e kii atu, he tāngata, he tāngata, he tāngata.	It is people, it is people, it is people.	row/col-md-8/col-12
CHI1005	CHI1005_0_0.html	Standard	2	He whare whawhao, he whare ka maumaharatia.	A house that is entered will be remembered.	row/col-md-8/col-12
DAN1004	DAN1004_0_0.html	Standard	2	Ko wai te ora ngā mea katoa.	Water is the life giver of all things.	row/col-md-8/col-12
ENG1004	ENG1004_0.0.html	Standard	2	He iti te kupu, he nui te kōrero	Although the words seem small, there is a depth of meaning behind them	row/col-md-8/col-12
ENG1007	ENG1007_0.0.html	Standard	2	Ko te reo me ōna tikanga te hā o te whakawhitiwhiti kōrero.	Language and its rules are the essence of communication.	row/col-md-8/col-12
ENGC101	ENGC101_0.0.html	Standard	2	He waka eke noa.	This whakataukī translates to we are all in this together. This means 	row/col-md-8/col-12
ENGC201	ENGC201_0.0.html	Standard	2	Ko te reo me ōna tikanga te hā o te whakawhitiwhiti kōrero.	Language and its rules are the essence of communication.	col-md-8/col-12
ENGC201	ENGC201_6.0.html	Standard	2	Ko te reo me ōna tikanga te hā o te whakawhitiwhiti kōrero.	Language and its rules are the essence of communication.	row/col-md-8/col-12
ENGC204	ENGC204_0_0.html	Standard	1	Instructions are all around us in our everyday lives. They help us kno		row/col-md-8/col-12
ENGC206	ENGC206_0_0.html	Standard	2	Tino kai, tino ora te kōpū	He who has the produce of his labour stored up will never want.	col-md-8/col-12
ENGC403	ENGC403_0_0.html	Standard	2	Ko te reo me ōna tikanga te iho o te whakawhitiwhiti kōrero.	Language and its rules are the essence of communication.	row/col-md-8/col-12
ENGI102	ENGI102_0.0.html	Standard	2	Mā te reo, ka mōhio; mā te reo ka mārama; mā te reo ka ora.	Through language comes knowledge; through language comes insight; thro	col-md-8/col-12/col-12
ENGI400	ENGI400_0.0.html	Standard	2	Mā te huruhuru ka rere te manu	With feathers the bird will fly	col-md-8/col-12/col-12
ENGI405	ENGI405_0.0.html	Standard	2	Ko Te reo me ōna tikanga te iho o te whakawhitiwhiti kōrero.	Language and its rules are the essence of communication.	col-md-8/col-12/col-12
ENGJ101	ENGJ101_0.0.html	Standard	2	Ko pohewa, ko auaha ngā ara ki ao hou.	Creativity and imagination transport us to new worlds.	col-md-8/col-12/col-12
ENGJ102	ENGJ102_0.0.html	Standard	2	Whāia te mātauranga hei oranga mō koutou	Seek after learning for the sake of your wellbeing	col-md-8/col-12/col-12
ENGJ402	ENGJ402_0.0.html	Standard	2	Ko koe ki tēnā, ko ahau ki tēnei kīwai o te kete.	You take that handle of the kete and I'll take this one.	col-md-8/col-12/col-12
ENGJ403	ENGJ403_0.0.html	Standard	2	Ko tā te pohewatanga me te auahatanga he whakatuwhera i ngā ao hou ki 	Creativity and imagination transport us to new worlds.	row/col-md-8/col-12
ENGR102	ENGR102_00.0.html	Standard	2	He aroha whakatō, he aroha puta mai.	If kindness is sown, then kindness you shall receive.	col-md-8/col-12/col-12
ENGR202	ENGR202_0.0.html	Standard	2	Ko te manu e kai ana i te miro nōna te ngahere; ko te manu e kai ana i	The forest belongs to the bird who feasts on the miro berry; the world	row/col-md-8/col-12
ENGS101	ENGS101_0.0.html	Standard	2	Kia mau ki tō ūkaipō	Don't forget your roots	col-md-8/col-12/col-12
ENGS404	ENGS404_0_0.html	Standard	2	Ko tā te pohewatanga me te auahatanga he whakatuwhera i ngā ao hou ki 	Creativity and imagination transport us to new worlds.	col-md-8/col-12/col-12
ENGS405	ENGS405_0_0.html	Standard	2	Ka whakaaweawetia tātou e te mātauranga me te māramatanga.	We are empowered through knowledge and understanding.	row/col-md-8/col-12
ENO2060	ENO2060_0_0.html	Standard	2	Mā te reo, ka mōhio; mā te reo ka mārama; mā te reo ka ora.	Through language comes knowledge; through language comes insight; thro	row/col-md-8/col-12
EXBP901	EXBP901_0.0.html	Standard	2	Kei ō ringaringa te ao.	The world is in your hands.	row/col-md-8/col-12
EXBP901	EXBP901_0.1.html	Standard	2	Mā te kimi ka kite, Mā te kite ka mōhio, Mā te mōhio ka mārama	Seek and discover. Discover and know. Know and become enlightened.	row/col-md-8/col-12
EXBP901	EXBP901_0.2.html	Standard	2	Ka pu te ruha, ka hao te rangatahi.	As an old net withers, a new one is woven.	row/col-md-8/col-12
EXBP901	EXBP901_0.3.html	Standard	2	Whāia e koe te iti kahurangi ki te tūohu koe, me he maunga teitei.	Pursue excellence – should you stumble, let it be to a lofty mountain.	row/col-md-8/col-12
EXBP901	EXBP901_0.4.html	Standard	2	Ko te pae tawhiti whāia kia tata, ko te pae tata, whakamaua kia tina	Seek out the distant horizons and then cherish those you attain.	row/col-md-8/col-12
EXIP901	EXIP901_0.0.html	Standard	2	He iti te mokoroa, nāna i kati te kahikatea	The mokoroa (grub) may be small, but it cuts through the kahikatea.	row/col-md-8/col-12
EXIP901	EXIP901_0.1.html	Standard	2	Whāia te mātauranga hei oranga mō koutou.	Seek after learning for the sake of your wellbeing.	row/col-md-8/col-12
EXIP901	EXIP901_0.3.html	Standard	2	Whāia e koe te iti kahurangi ki te tūohu koe, me he maunga teitei.	Pursue excellence – should you stumble, let it be to a lofty mountain.	row/col-md-8/col-12
EXIP901	EXIP901_0.4.html	Standard	2	Ko te pae tawhiti whāia kia tata, ko te pae tata, whakamaua kia tina.	Seek out the distant horizons and then cherish those you attain.	row/col-md-8/col-12
FRNO901	FRNO901_0_0.html	Standard	2	Ko tōku reo, tōku ohooho.	My language is my awakening.	col-md-8/col-12/col-12
FRNO901	FRNO901_0_0.html	Standard	2	Dis‑moi qui tu hantes, je te dirai qui tu es.	Tell me who you spend time with, and I will tell you who you are.	col-md-8/col-12/col-12
FRNO902	FRNO902_0_0.html	Standard	2	Whiria te tāngata.	Weave the people together.	row/col-md-8/col-12
FRNO902	FRNO902_0_0.html	Standard	2	La famille, c’est là où la vie commence et où l’amour ne finit jamais.	Family is where life begins and love never ends.	row/col-md-8/col-12
GENO901	GENO901_0_0.html	Standard	2	Mā te kaiako, mā te tauira, Ka ako.	Through the teacher, through the student, learning will happen.	col-md-8/col-12/col-12
GEO1005	GEO1005_1_0.html	Standard	2	Ko ahau te taiao, ko te taiao, ko ahau	I am the environment, and the environment is me.	col-md-8/col-12/col-12
GEO1006	GEO1006_3_0.html	Standard	2	Manaaki whenua. Manaaki tangata. Haere whakamua.	Care for the land. Care for the people. Go forward.	row/col-md-8/col-12
HES1002	HES1002_3_0.html	Standard	2	O le tele o sulu e maua ai se figota, e mama se avega pe a ta amo fa’a	My strength does not come from me alone, but from many.	row/col-md-8/col-12
HES1003	HES1003_0.0.html	Standard	2	Ka mate kāinga tahi, ka ora kāinga rua.	When one door closes another will open	row/col-md-8/col-12
HES1005	HES1005_0.0.html	Standard	2	I orea te tuatara ka patu ki waho.	A problem is solved by continuing to find solutions.	row/col-md-8/col-12
HES1005	HES1005_1.0.html	Standard	2	Te aroha ki te tangata	Care, respect and kindness towards others and ourselves	row/col-md-8/col-12
HES1005	HES1005_3.0.html	Standard	3	Ki te kotahi te kākaho, ka whati; ki te kāpuia, e kore e whati.	If a reed stands alone, it can be broken; if it is in a group, it cann	row/col-md-8/col-12
HES1005	HES1005_4.0.html	Standard	2	Toitu te marae a Tane, Toitu to marae a Tangaroa, Toitu te iwi.	If the land is well and the sea is well, the people will thrive.	row/col-md-8/col-12
HES1007	HES1007_0.0.html	Standard	2	Ehara taku toa i te toa takitahi, engari kē he toa takitini.	My success should not be bestowed onto me alone, it was not individual	row/col-md-8/col-12
HIS1001	HIS1001-0.0.html	Standard	3	He moana tātou, he moana waiwai. Ko te ao moana, ko tātou tērā.	We are the sea, we are the ocean. Oceania is us.	row/col-12/col-md-8
HIS1002	HIS1002-10.0.html	Standard	2	Tō tātou mahi nui hoki e te honu manawa rahi.	What an amazing feat, you are of great endurance.	row/col-md-8/col-12
HIS1004	HIS1004_0.0.html	Standard	2	Ko te pae tawhiti whāia kia tata, ko te pae tata whakamaua kia tīna.	Seek out distant horizons and cherish those you attain.	row/col-md-8/col-12
HIS1004	HIS1004_10.2.html	Standard	2	Tama tū, tama ora, tama noho, tama mate	He who stands, lives; he who sits, perishes	row/col-md-8/col-12
HIS1005	HIS1005-0.0.html	Standard	2	Kaua e mate wheke mate ururoa	Don't die like an octopus, die like a hammerhead shark.	col-md-8/col-12
HIS1006	HIS1006-0.0.html	Standard	2	Kaua e mate wheke mate ururoa	Don't die like an octopus, die like a hammerhead shark.	col-md-8/col-12
HIS1007	HIS1007-0.0.html	Standard	2	Kia kaha, kia maia, kia manawanui.	Be strong, be brave, be steadfast	row/col-md-8/col-12
HIS1008	HIS1008-0.0.html	Standard	2	Kaua e mate wheke mate ururoa	Don't die like an octopus, die like a hammerhead shark.	col-md-8/col-12
HPRE203	HPRE203_0_0.html	Standard	2	Ahakoa he iti kete, he iti nā te aroha.	It is the thought that counts.	row/col-md-8/col-12
HPRE301	HPRE301-0.0.html	Standard	2	Whāia te mātauranga hei oranga mō koutou	Seek after learning for the sake of your wellbeing	row/col-md-8/col-12
JPN1004	JPN1004_0_0.html	Standard	2	Mā te tuakana e tōtika te teina, mā te teina e tōtika te tuakana	Seek guidance from both young and old. The two will balance each other	col-md-8/col-12/col-12
JPN1004	JPN1004_10_0.html	Standard	2	Hā ki roto Hā ki waho Kia tau te mauri e kōkiri nei I ngā piki me ngā 	Breathe in Breathe out Settle the mauri (life force) that stirs within	col-md-8/col-12/col-12
MUS1004	MUS1004_0_0.html	Standard	2	Ka hangaia, ka marama ahau.	I do and I understand.	row/col-md-8/col-12
MXDB201	MXDB201_0.0.html	Standard	2	Nau te rourou, naku te rourou, ka ora te manuhiri.	With your food basket and my food basket, the people will thrive.	col-12
MXDB302	MXDB302_1.0.html	Standard	2	Whiria te kaha tūātinitini, whiria te kaha tūāmanomano	Weave the strength of many, weave the strength of multitudes	col-md-8/col-12/col-12
MXDI201	MXDI201_0.0.html	Standard	2	He kai kei aku ringa	There is food in my hands	col-md-8/col-12/col-12
MXDI202	MXDI202_0.0 proof 1.html	Standard	2	Whāia te iti kahurangi ki te tūohu koe me he maunga teitei	Seek the treasure you value most dearly: if you bow your head, let it 	row/col-md-8/col-12
MXDI202	MXDI202_0.0.html	Standard	2	Whāia te iti kahurangi ki te tūohu koe me he maunga teitei	Seek the treasure you value most dearly: if you bow your head, let it 	row/col-md-8/col-12
MXEO202	MXEO202_00.0.html	Standard	2	Whatungarongaro te tangata, toitū te whenua.	As man disappears from sight, the land remains.	col-md-8/col-12/col-12
MXEO301	MXEO301_0.0.html	Standard	2	Whāia te iti kahurangi ki te tūohu koe me he maunga teitei	Seek the treasure you value most dearly, if you bow your head, let it 	col-md-8/col-12/col-12
MXEO301	MXEO301_6.0.html	Standard	2	Whāia te iti kahurangi ki te tūohu koe me he maunga teitei	Seek the treasure you value most dearly, if you bow your head, let it 	col-md-8/col-12/col-12
MXEO301	MXEO301_8.0.html	Standard	2	Whāia te mātauranga hei oranga mō koutou	Seek after learning for the sake of your well-being	col-md-8/col-12/col-12
MXEX302	MXEX302_0.0.html	Standard	2	Ko te manu e kai ana i te miro, nōna te ngahere. Ko te manu e kai ana 	The bird that partakes of the miro berry owns the forest. The bird tha	col-md-8/col-12/col-12
MXFL203	MXFL203_0.0.html	Standard	2	Ko te pae tawhiti, whāia kia tata. Ko te pae tata, whakamaua kia tina	Seek out distant horizons and cherish those you attain.	col-md-8/col-12/col-12
MXFL204	MXFL204_0.0.html	Standard	2	Kia whakatōmuri te haere whakamua.	I walk backwards into the future with my eyes fixed on my past.	col-md-8/col-12
MXFU201	MXFU201_0.0.html	Standard	2	He aha te kai ō te rangatira? He kōrero, he kōrero, he kōrero.	What is the food of the leader? It is knowledge. It is communication.	col-md-8/col-12/col-12
MXFU202	MXFU202_0.0.html	Standard	2	Whāia te iti kahurangi ki te tuohu koe me maunga teitei	Pursue that which is precious and don’t be deterred by anything less t	row/col-md-8/col-12
MXFU402	MXFU402_0.0.html	Standard	2	Ko te manu e kai ana i te miro nōna te ngahere. Ko te manu e kai ana i	The bird who feeds on miro has the forest. The bird who feeds on knowl	col-md-8/col-12/col-12
MXS1004	MXS1004_0_0.html	Standard	2	Kei hopu tōu ringa ki te aka tāepa, engari kia mau ki te aka matua	Cling to the main vine, not the loose one.	row/col-md-8/col-12
OSAH301	OSAH301_0.0.html	Standard	2	Whaiwhia te kete mātauranga hei oranga mō koutou	Fill the basket(s) of knowledge for the sake of your wellbeing.	col-md-8/col-12/col-12
OSAH401	OSAH401_0.0.html	Standard	2	Whāia te mātauranga hei oranga mō koutou	Seek after learning for the sake of your wellbeing	col-md-8/col-12/col-12
OSAH501	OSAH501-00.html	Standard	2	Mā te whakarongo, ka mōhio, mā te mōhio, ka mārama, mā te mārama, ka m	Through listening comes knowledge, through knowledge comes understandi	col-md-8/col-12/col-12
OSAI101	OSAI101-00.html	Standard	2	Mā te huruhuru ka rere te manu	Adorn the bird with feathers and it will fly	col-md-8/col-12/col-12
OSAI201	OSAI201-00.html	Standard	2	He rau ringa e oti ai	Many hands make light work	row/col-md-8/col-12
OSAI301	OSAI301-00.html	Standard	2	Mā te huruhuru ka rere te manu.	Adorn the bird with feathers and it will fly.	row/col-md-8/col-12
OSAI401	OSAI401-00.html	Standard	2	Mā mahi ka ora	Through hard work, you will prosper.	col-md-8/col-12/col-12
OSAI501	OSAI501-00.html	Standard	2	Kohikohi ngā kākano, whakaritea te pārekereke, kia puāwai ngā hua	Gather the seeds, prepare the seedbed carefully, and you will be gifte	col-md-8/col-12/col-12
OSBY101	OSBY101-00.html	Standard	2	Manaaki te katoa	Be kind to all	col-md-8/col-12/col-12
OSBY201	OSBY201-00.html	Standard	2	He taonga rongonui te aroha ki te tangata	Goodwill towards others is a precious treasure.	col-md-8/col-12/col-12
OSBY301	OSBY301-00.html	Standard	2	Ka mahi te tawa uho ki te riri	Well done, you whose courage is like the heart of a tawa tree	row/col-md-8/col-12
OSBY401	OSBY401_0.0.html	Standard	2	He taonga rongonui te aroha ki te tangata	Goodwill towards others is a precious treasure.	col-md-8/col-12/col-12
OSBY501	OSBY501-00.html	Standard	2	Waiho i te toipoto, kaua i te toiroa.	Let us keep close together, not far apart.	col-12/col-12/col-12
OSGM101	OSGM101_0.0.html	Standard	2	He aha te mea nui o te ao? He tāngata, he tāngata, he tāngata.	What is the most important thing in the world? It is people, it is peo	row/col-md-8/col-12
OSGM201	OSGM201_0.0.html	Standard	2	He aroha whakatō, he aroha puta mai	If kindness is shown, then kindness you shall receive.	row/col-md-8/col-12
OSGM301	OSGM301-00.html	Standard	2	He rangi tā matawhāiti, he rangi tā matawhānui	Narrow vision, limited opportunities; wide vision, plentiful opportuni	col-md-8/col-12/col-12
OSGM401	OSGM401-00.html	Standard	2	Titiro whakamuri, kōkiri whakamua	Look backwards while advancing forward	col-md-8/col-12/col-12
OSGM501	OSGM501-00.html	Standard	2	He iti hōpua wai ka hē te manawa	Even a small pool of water can cause breathlessness	col-md-8/col-12/col-12
OSOH101	OSOH101_0.0.html	Standard	2	He mahi te ataa noho, e kī ana te wheke	It is the octopus who says sitting is working.	row/col-md-8/col-12
OSOH201	OSOH201_0.0.html	Standard	2	He manako te kōura i kore ai	Wishing for the crayfish won’t bring it.	row/col-md-8/col-12
OSOH301	OSOH301.0.0.html	Standard	2	Tē tōia, tē haumatia	Nothing can be achieved without a plan, workforce and a way of doing t	row/col-md-8/col-12
OSOH401	OSOH401.0.0.html	Standard	2	Tē tōia, tē haumatia	Nothing can be achieved without a plan, workforce and a way of doing t	row/col-md-8/col-12
OSOH501	OSOH501-00.html	Standard	2	He iti te mokoroa, nāna i kati te kahikatea	The mokoroa (grub) may be small, but it cuts through the kahikatea	col-md-8/col-12/col-12
OSSC301	OSSC301_0_0.html	Standard	2	E kore te pātiki e hoki ki tōna pūehu	The flounder does not return to its dust.	row/col-md-8/col-12
OSSC401	OSSC401_0_0.html	Standard	2	E kore e mau, he kiore ka umangatia, ka pā i te whana o te tawhiti	A rat accustomed to the trap will not be caught, it will spring closed	row/col-md-8/col-12
OSSC501	OSSC501_0_0.html	Standard	2	He taonga nui te tūpato	Caution is highly prized.	row/col-md-8/col-12
OSSM301	OSSM301-00.html	Standard	2	Ka pū te ruha, ka hao te rangatahi	As an old net withers another is remade.	row/col-md-8/col-12
OSSM401	OSSM401_0_0.html	Standard	2	He aha te mea nui o te ao? He tangata, he tangata, he tangata.	What is the most important thing? It is people, it is people, it is pe	row/col-md-8/col-12
OSSM501	OSSM501_0.0.html	Standard	2	He aha te mea nui o te ao? Māku e kii atu, he tāngata, he tāngata, he 	What is the most important thing in the world? Well, let me tell you, 	row/col-md-8/col-12
PES1001	PES1001_0.0.html	Standard	1	Ko ahau te taiao, ko te taiao ko ahauThe ecosystem defines my quality 		row/col-md-8/col-12
PES1002	PES1002_5.0.html	Standard	2	Ehara taku toa I te toa takitahi, engari he toa takitini	My strength is not that of a single warrior, but that of many	row/col-md-8/col-12
PHE1001	PHE1001_0.0.html	Standard	2	Mauri tū, mauri ora.	An active soul is a healthy soul.	row/col-md-8/col-12
PHE1003	PHE1003_0.0.html	Standard	2	Ki te kotahi te kākaho, ka whati; ki te kāpuia, e kore e whati.	If a reed stands alone, it can be broken; if it is in a group, it cann	row/col-md-8/col-12
PHE1004	PHE1004_0.0.html	Standard	2	Ki te kotahi te kākaho, ka whati; ki te kāpuia, e kore e whati.	If a reed stands alone, it can be broken; if it is in a group, it cann	row/col-md-8/col-12
PHE1005	PHE1005_0.0.html	Standard	2	Tama tū, tama ora; tama noho, tama mate.	He who stands, lives, he who does nothing, perishes.	row/col-md-8/col-12
PHE1006	PHE1006_0.0.html	Standard	2	Whakatauki: Tama tū, tama ora; tama noho, tama mate.	He who stands, lives, he who does nothing, perishes	row/col-md-8/col-12
PHE1007	PHE1007_0.0.html	Standard	2	E koekoe te tūī, e ketekete te kākā, e kūkū te kererū.	The tui squawks, the kākā chatters, the kererū coos.	row/col-md-8/col-12
PHE1007	PHE1007_1.0.html	Standard	2	Tuku iho, he tapu te upoko.	From our ancestors, the head is sacred	row/col-md-8/col-12
PHE1008	PHE1008_0.0.html	Standard	2	E koekoe te tūī, e ketekete te kākā, e kūkū te kererū.	The tui squawks, the kākā chatters, the kererū coos.	row/col-md-8/col-12
PWY1001	PWY1001_0_0.html	Standard	2	He taonga rongonui te aroha ki te tangata.	Goodwill toward others is a precious treasure.	row/col-md-8/col-12
PWY1002	PWY1002_0_0.html	Standard	2	Mā whero, mā pango, ka oti ai te mahi.	With red and black, the work will be done.	row/col-md-8/col-12
PWY1007	PWY1007_0_0.html	Standard	2	He taonga nui te tūpato:	Caution is highly prized	row/col-md-8/col-12
PWY1008	PWY1008_0_0.html	Standard	2	Tūwhitia te hopo, mairangatia te angitū	Cast out fear, elevate success	row/col-md-8/col-12
PWY1009	PWY1009_0_0.html	Standard	2	He waka eke noa.	We are all in this canoe together	row/col-md-8/col-12
PWYWHA1	PWYWHA1_0_0.html	Standard	2	Ka pū te ruha, ka hao te rangatahi.	As the old net is cast aside, the new net goes fishing.	row
SCBI301	SCBI301_0_0.html	Standard	2	Mā te whakaaro nui e hanga te whare; mā te mātauranga e whakaū.	By great thought the house is built; by knowledge it is made firm.	row/col-md-8/col-12
SCCH301	SCCH301_0_0.html	Standard	2	Mā te whakaaro nui e hanga te whare; mā te mātauranga e whakaū.	By great thought the house is built; by knowledge it is made firm.	row/col-md-8/col-12
SCES201	SCES201_0_0.html	Standard	2	E tū matariki ke te tahatū o te rangi ka mua, ka muri.	Matariki stands on the horizon, a symbol of the past and the future.	row/col-md-8/col-12
SCPH301	SCPH301_0_0.html	Standard	2	Mā te whakaaro nui e hanga te whare; mā te mātauranga e whakaū.	By great thought the house is built; by knowledge it is made firm.	row/col-md-8/col-12
SPA1004	SPA1004_0_0.html	Standard	2	E rere te huata, kapohia	Aprovecha al máximo cada oportunidad. Make the most of every opportuni	row/col-md-8/col-12
SSCI104	SSCI104-0.0.html	Standard	2	Kia whakatōmuri te haere whakamua.	I walk backwards into the future with my eyes fixed on my past.	row/col-md-8/col-12
SSCI205	SSCI205_0_0.html	Standard	2	Whaowhia te kete mātauranga.	Fill the basket of knowledge.	row/col-md-8/col-12
SSEA203	SSEA203-0.0.html	Standard	2	Nāu te rourou, nāku te rourou, ka ora ai te iwi.	With your food basket and my food basket, the people will thrive.	row/col-md-8/col-12
SSOG101	SSOG101_0.0.html	Standard	2	Ehara taku toa i te toa takitahi, engari kē he toa takitini	"My strength is not that of one, but of many”	col-md-8/col-12
SSOG103	SSOG103_0.0.html	Standard	2	Nāu te rourou, nāku te rourou, ka ora ai te iwi.	With your basket and my basket, the people will thrive.	col-md-8/col-12/col-12
SSOG105	SSOG105_0.0.html	Standard	2	He aha te mea nui o te ao? He tangata, he tangata, he tangata.	What is the most important thing in the world? It is people, it is peo	col-md-8/col-12/col-12
SSOG301	SSOG301_00.0.html	Standard	2	Me tiro whakamuri, kia anga whakamua.	If we want to shape Aotearoa New Zealand’s future, start with our past	col-md-8/col-12/col-12
XDLS501	XDLS501.00.html	Standard	2	Ehara taku toa i te toa takitahi engari, he toa takitini	My strength is not that of one but of many.	col-md-8/col-12/col-12
XDLS502	XDLS502.00.html	Standard	2	Haumi e, hui e, tāiki e!	We are lashed together, we gather together, we grow together.	col-md-8/col-12/col-12
XDLS502	XDLS502.03.html	Standard	2	Haumi e, hui e, tāiki e!	We are lashed together, we gather together, we grow together.	col-md-8/col-12/col-12
XDLS902	XDLS902.00.html	Standard	2	He hauora te taonga	Health is a treasure	row/col-md-8/col-12
XDLS904	XDLS904_00.0.html	Standard	2	Ehara taku toa i te toa takitahi, engari he toa takitini	My successes are not mine alone, they are ours – the greatest successe	col-md-8/col-12/col-12
XDLS905	XDLS905.00.html	Standard	2	Kei roto i te pōuri, te marama e whiti ana	Through perseverance and hope, we will overcome.	col-md-8/col-12/col-12
XDLS906	XDLS906_00_0.html	Standard	2	Ko te whenua ko au, ko au ko te whenua	I am the land and the land is me.	col-md-8/col-12/col-12
XDLS908	XDLS908_0.0.html	Standard	1	In this module, some activities will be supported with a PDF document.		row/col-md-8/col-12
XDLS908	XDLS908_4.0 .html	Standard	2	Mā te whakarongo, ka mōhio: Mā te mohio ka mārama	Through listening comes knowledge: Through knowledge comes understandi	row/col-md-8/col-12
XDLS911	XDLS911.0.0.html	Standard	2	Mā te kimi ka kite, mā te kite ka mōhio, mā te mōhio ka mārama	Seek and discover. Discover and know. Know and become enlightened.	row/col-md-8/col-12
XDLS912	XDLS912_00.0.html	Standard	2	Mā te huruhuru ka rere te manu.	With feathers, the bird will fly.	row/col-md-8/col-12
XGF9001	XGF9001-00.0.html	Standard	2	Mā te kōrero, ka mōhio; mā te mōhio, ka mārama	Through discussion, we gain knowledge; through knowledge, we gain unde	col-12/col-md-8/col-12
XGF9002	XGF9002_0_0.html	Standard	2	Ehara taku toa i te toa takitahi, engari he toa takitini.	My strength is not as an individual, but as a collective.	col-12/row/col-12
XGF9002	XGF9002_9_0.html	Standard	1	E ngā mātua, e ngā whānau, ngā mihi nunui ki a koutou.		col-md-8/col-12/col-12
XGF9003	XGF9003-00.0.html	Standard	2	Mā te huruhuru, ka rere te manu.	With feathers, the bird will fly.	col-12/col-12/col-12
XGF9004	XGF9004-00.0.html	Standard	2	“Ko te whakaaro nui te hoa matenga mō te tangata.”	Great thoughts are the companion of humanity.	row/col-md-8/col-12
XGF9006	XGF9006-00.0.html	Standard	2	"Nāu te rourou, nāku te rourou, ka ora ai te iwi."	With your food basket, and my food basket, the people will thrive.	col-md-8/col-12/col-12
XLP01	XLP01.00.html	Standard	2	Ko te kai a te rangatira he kōrero.	The food of chiefs is communication.	row/col-md-8/col-12
XLP02	XLP02.00.html	Standard	2	Tōku reo, tōku ohooho, tōku reo, tōku mahipi maurea.	My language is my awakening, my language is the window to my soul.	row/col-md-8/col-12
XLP03	XLP03-00.html	Standard	2	Enara taku toa I te toa takitahi. Enara he toa takitini.	My strength is not that of a single warrior, but that of many.	row/col-md-8/col-12
XLP04	XLP04.00.html	Standard	2	Mā te rongo, ka mōhio; mā te mōhio, ka mārama; mā te mārama, ka mātau;	Through perception comes awareness; through awareness comes understand	row/col-md-8/col-12
XLP05	XLP05.00.html	Standard	2	Tē tōia, tē haumatia.	Nothing can be achieved without a plan, workforce and way of doing thi	row/col-md-8/col-12
XLP06	XLP06-0.0.html	Standard	2	Mahia i runga i te rangimārie me te ngākau māhaki.	With a peaceful mind and respectful heart, we will always get the best	row/col-md-8/col-12
XMES101	XMES101.00.html	Standard	2	Tukua kia tū takitahi ngā whetū o te rangi;	Let each star in the sky shine its own light.	row/col-md-8/col-12
XMES102	XMES102.00.html	Standard	2	Tangata ako ana I te whare, te turanga ki te marae tau ana.	A person who is taught at home, will stand collected on the marae.	row/col-md-8/col-12
XMES103	XMES103.00.html	Standard	2	Aroha mai, Aroha atu.	Love we receive, is the love we give.	row/col-md-8/col-12
XMES201	XMES201_0.0.html	Standard	2	Ko au te whenua, ko te whenua ko au.	I am the land, and the land is me.	row/col-md-8/col-12
XMES201	XMES201_0_0.html	Standard	2	He iti te toki, e tuhā ana te tītoki.	A small adze can chip a large tītoki tree.	row/col-md-8/col-12
XMES202	XMES202-0.0.html	Standard	2	"Iti noa ana, he pito mata."	With care, a tiny seed will grow into something great.	row/col-md-8/col-12
XMES203	XMES203_0_0.html	Standard	2	"Kia whakatā, kia okioki, kia puta anō te kaha."	Take time to rest and recover so that strength will return.	row/col-md-8/col-12
XTAS101	XTAS101_0.0.html	Standard	2	Nāu te rourou, nāku te rourou, ka ora ai te iwi.	With your food basket and my food basket, the people will thrive.	row/col-md-8/col-12
XTAS102	XTAS102.00.html	Standard	2	He aha te mea nui o te ao? He tāngata, he tāngata, he tāngata.	What is the most important thing in the world? It is people, it is peo	col-md-8/col-12/col-12
XTAS103	XTAS103.00.html	Standard	2	Mā te kori tinana ka ora ai te wairua.	Through movement of the body, the spirit is uplifted.	col-md-8/col-12/col-12
XWHA02	XWHA02_0.0.html	Standard	2	Kei ōu ringaringa te ao	The world is yours.	col-md-8/col-12
XWHA02	XWHA02_5.0.html	Standard	2	Poipoia te kākano kia puawai	Nurture the seed and it will blossom	col-12/col-md-8/col-12
