AGH1001	ALERT BLANK	h4	—	body:free	Reflective Questions:
ANZH401	ALERT – BREAKOUT BOX	h3	body:alert	body:free	Have you caught ‘gold fever’? 
ANZH401	ALERT – BREAKOUT BOX	h3	—	body:free	Once a Panther
CEDO502	IMPORTANT	h3	body:free	body:free	Why manageable debt can be good 
CEDR203	ALERT RHS	h3	—	body:panel1:free	Did you know? In the video, ākonga talk about their involvem
CEDT501	IMPORTANT	h3	—	body:free	Step 1: Take a screenshot
CEDT501	IMPORTANT	h3	—	—	Step 2: Don’t respond
CEDT501	IMPORTANT	h3	—	body:free	Step 3: Report it
CEDT501	IMPORTANT	h3	—	body:free	Step 4: Block the person
CEDT501	IMPORTANT	h3	—	body:free	Tell someone you trust
ENG1004	ALERT NOTE TO DESIGNER, COULD THIS ALERT HAVE A BOX AROUND IT	h3	body:alert	body:widget:accordion	Assessment conditions
ENG1005	ALERT NOTE TO DESIGNER, COULD THIS ALERT HAVE A BOX AROUND IT	h3	body:alert	body:widget:accordion	Assessment conditions
ENG1005	ALERT	h4	—	body:free	Worldview definition: 
ENG1005	ALERT	h4	—	body:free	Worldview definition: 
ENG1007	ALERT NOTE TO DESIGNER, COULD THIS ALERT HAVE A BOX AROUND IT	h3	body:alert	body:free	Assessment conditions
EXBP901	ALERT	h2	body:panel2:alert	body:panel2:free	The EPIC database.  
EXIP901	ALERT	h2	body:panel3:alert	body:panel2:free	The EPIC database  
HPRE301	ALERT	h3	body:alert	body:free	Enhancing friendships: HPFUN303 
HPRE301	ALERT	h3	body:alert	body:free	Enhancing friendships: HPFUN303 
HPRE301	ALERT	h3	body:alert	body:free	Enhancing friendships: HPFUN303 
HPRE301	ALERT	h3	body:alert	body:free	Enhancing friendships: HPFUN303 
SSFUN02	ALERT BOX	h3	body:alert:side	body:free	Fun school fact #3
XGF9001	ALERT RHS	h3	body:alert:side	body:alert:side	Key questions
XGF9001	ALERT RHS	h3	body:alert:side	body:alert:side	Key questions
XGF9001	ALERT RHS	h3	body:alert:side	body:alert:side	Key question
XGF9001	ALERT RHS	h3	body:alert:side	body:alert:side	Key questions
XGF9001	ALERT	h3	body:alert	body:activity	Reflection questions
XGF9001	ALERT RHS	h3	body:alert:side	body:alert:side	Key questions
XGF9001	ALERT RHS	h3	body:alert:side	body:alert:side	Key questions
XGF9001	ALERT RHS	h3	body:alert:side	body:alert:side	Key question
XGF9001	ALERT RHS	h3	body:alert:side	body:alert:side	Key question
XGF9001	ALERT RHS	h3	body:alert:side	body:alert:side	Key questions
XGF9002	ALERT.SOLID	h2	—	—	Parent/whānau handbook
XGF9002	ALERT	h3	menu:pane3	body:free	Reflective prompt
XGF9002	ALERT	h3	menu:pane3	body:free	Reflective prompt
XGF9002	ALERT	h3	menu:pane3	body:free	Reflective prompt
XGF9002	ALERT	h3	menu:pane3	body:free	Reflective prompt
XGF9002	ALERT	h3	menu:pane3	body:free	Reflective prompt
XGF9002	ALERT	h3	menu:pane3	body:free	Reflective prompt
XGF9002	ALERT	h3	menu:pane3	body:free	Reflective prompt
XGF9002	ALERT	h3	menu:pane3	body:free	Reflective prompt
XGF9003	ALERT	h2	body:alert	body:free	Key questions
XGF9003	ALERT	h2	body:alert	body:free	Key questions
XGF9003	ALERT	h2	—	body:activity	https://www.istockphoto.com/vector/search-loupe-icon-in-flat
XGF9003	ALERT	h2	body:alert	body:free	Key questions
XGF9003	ALERT	h2	—	body:activity	https://www.istockphoto.com/vector/search-loupe-icon-in-flat
XGF9003	ALERT	h2	body:alert	body:free	Key questions
XGF9003	ALERT	h2	—	body:activity	https://www.istockphoto.com/vector/search-loupe-icon-in-flat
XGF9003	ALERT	h2	body:alert	body:free	Key questions
XGF9003	ALERT	h2	—	body:activity	https://www.istockphoto.com/vector/search-loupe-icon-in-flat
XGF9003	ALERT	h2	body:alert	body:free	Key questions
XGF9003	ALERT	h2	—	body:activity	https://www.istockphoto.com/vector/search-loupe-icon-in-flat
XGF9003	ALERT	h2	body:alert	body:free	Key questions
XGF9003	ALERT	h2	—	body:activity	https://www.istockphoto.com/vector/search-loupe-icon-in-flat
XGF9003	ALERT	h2	body:alert	body:free	Key questions
XGF9003	ALERT	h2	—	body:activity	https://www.istockphoto.com/vector/search-loupe-icon-in-flat
XGF9003	ALERT	h2	body:alert	body:free	Key questions
XGF9003	ALERT	h2	—	body:activity	https://www.istockphoto.com/vector/search-loupe-icon-in-flat
XGF9003	ALERT	h2	body:alert	body:free	Key questions
XGF9003	ALERT	h2	—	body:activity	https://www.istockphoto.com/vector/search-loupe-icon-in-flat
XGF9004	ALERT	h3	—	body:free	**Working definition:** a ‘working definition’ means that it
XGF9004	ALERT	h3	—	body:free	Focus questions:
XGF9004	ALERT	h3	—	body:free	Focus questions:
XGF9004	ALERT	h3	—	body:free	Focus questions:
XGF9004	ALERT	h3	—	body:free	Focus questions:
XGF9004	ALERT	h3	—	body:free	Focus questions:
XGF9004	ALERT	h3	—	body:free	Focus questions:
XGF9006	ALERT.SOLID	h3	body:alert	body:free	What have we learned?
XGF9006	ALERT.SOLID	h3	body:alert	body:free	What have we learned?
XGF9006	ALERT.SOLID	h3	body:alert	body:free	What have we learned?
XGF9006	ALERT.RHS	h3	body:alert:side	body:alert	Tips for success
XGF9006	ALERT.SOLID	h3	body:alert	body:free	What have we learned?
XGF9006	ALERT.SOLID	h3	body:alert	body:free	What have we learned?
XGF9006	ALERT.SOLID	h3	body:alert	body:free	What have we learned?
XGF9006	ALERT.SOLID	h3	body:alert	body:free	What have we learned?
XLP03	ALERT BOX: [H3	h3	—	header:other	Research on counting
