ANZH401		h3	body:activity	body:activity	Encouragement or Discouragement
ANZH401		h3	body:free	body:free	The Wairau Affray
ANZH401		h3	body:activity	body:free	Following the Gold
ANZH401		h3	—	header:other	*“Everybody’s Story Becomes Part of the New Zealand Story”*
ANZH401		h3	body:activity	body:free	Dawn Raid Fear 
ANZH401		h3	body:activity	body:free	Mending the Hurt
ARFUN02	2A	h3	—	body:activity	**Let's play a game!** Click on the images to hear the sound
ARFUN02	2B	h3	body:activity	body:activity	What Have I Learned? | He aha aku i ako ai? 
ARFUN02	3B	h3	body:free	body:widget:carousel	🎸Pitch (Houoro) 
ARFUN02	3D	h3	body:activity	body:activity	What Have I Learned? He aha aku i ako ai?  
ARFUN04	1B	h3	body:activity	body:free	**Create your own colour wheel**
ARFUN04	1C	h3	body:free	—	Warm and cool colours 
ARFUN04	1G	h3	body:activity	body:free	Overlapping shapes: 
ARFUN04	1H	h3	body:activity	body:free	**What have I learned?** 
ARFUN04	1I	h3	body:activity	body:free	**What have I learned?** 
ARFUN04	2A	h3	body:activity	body:free	**What have I learned?** 
ARFUN04	2B	h3	body:activity	body:free	**Shape Shifting** 
ARFUN04	2C	h3	body:activity	body:free	**Colour and** **m****ood**
ARFUN04	2D	h3	body:activity	body:activity	**What** **have I learned?** **Colour in art** 
ARFUN04	2E	h3	body:activity	body:activity	**True or** **f****alse:** **s****pace in** **a****rt** 
ARFUN04	2F	h3	body:activity	body:free	**What have I learned? Reflection** 
ARFUN04	2H	h3	body:activity	body:free	**What have I learned?** 
ARFUN04	2I	h3	body:activity	body:free	**Learning about** **b****alance**
ARFUN04	2J	h3	body:activity	body:activity	**Famous artworks** 
ARFUN04	2L	h3	body:activity	body:free	**Match the Technique** 
ARFUN04	3A	h3	body:activity	body:free	**Tick** **a****ll** **t****hat** **a****re** **c****orrect:
ARFUN04	3B	h3	body:activity	body:free	**How is** **s****hape** **u****sed in** **a****rt?** 
ARFUN04	3D	h3	—	body:free	**Emotions in** **a****rtworks** 
ARFUN04	3E	h3	body:activity	body:free	**What** **h****ave I** **l****earned?** 
ARFUN04	3F	h3	body:activity	body:activity	**Name the** **f****orm** 
ARFUN04	3G	h3	body:activity	body:activity	**Implied or** **r****eal** **t****exture**
ARFUN04	3H	h3	body:activity	body:activity	**What is** **s****pace?** 
ARFUN04	3I	h3	body:activity	body:free	**What is value? Terms and definitions**
ARFUN04	3J	h3	body:free	body:free	**Exploring value in artworks** 
ARFUN04	3K	h3	body:activity	body:free	**Learning about** **b****alance:** 	 
ARFUN04	3L	h3	body:free	body:free	**Give it a try! Balance** **e****xploration [**
ARFUN04	3M	h3	body:activity	body:activity	**Learning about contrast:** 
ARFUN04	3N	h3	body:activity	body:activity	**Learning about the difference between** **c****ontrast and
ARFUN04	3P	h3	body:activity	body:free	**Learning about** **p****attern** 
ARFUN04	3Q	h3	body:activity	body:free	**Artist response: Alphonse Mucha** 
ARFUN04	3R	h3	body:activity	body:free	**What have I learned? Quiz**
ARFUN04	3S	h3	body:activity	body:free	**Match the technique** 
ARFUN04	4A	h3	body:activity	body:free	**Artist use of line**
ARFUN04	4B	h3	body:activity	body:free	**Mix and match: Understanding shape** 
ARFUN04	4C	h3	body:activity	body:free	**Colour theory challenge** 
ARFUN04	4D	h3	body:activity	body:free	**What have I learned?**
ARFUN04	4E	h3	body:activity	body:free	**How Artists deal with form**
ARFUN04	4F	h3	body:activity	body:free	**What** **have I learned?** **Quiz [**
ARFUN04	4G	h3	—	body:activity	**Understanding Space**
ARFUN04	4H	h3	body:activity	body:free	**What have I** **l****earned? Techniques to create space** 
ARFUN04	4I	h3	body:activity	body:free	**What is value? Terms and definitions**
ARFUN04	4K	h3	body:activity	body:free	**What** **have I learned?** **Balance questions** 
ARFUN04	4L	h3	body:activity	body:activity	**Test your knowledge** 
ARFUN04	4M	h3	body:activity	body:free	**What** **have I learned?**  
ARFUN04	4N	h3	body:activity	body:free	**Activity: Fill in the blanks** 
ARFUN04	4O	h3	body:activity	body:free	**What** **have I learned?**  
ARFUN04	4P	h3	body:activity	body:free	**Why pattern matters:**    
ARFUN04	4Q	h3	body:activity	body:free	**What** **have I learned?**  
ARFUN04	4R	h3	body:free	body:free	**Proportion in** **a****rt**
ARFUN04	4S	h3	body:activity	body:free	**What** **have I learned?**  
ARFUN04	4T	h3	—	body:free	**Key terms** 
ARFUN04	4U	h3	body:activity	body:free	**Match the technique** 
CEDK501	2A	h3	body:activity	body:free	Sorting expenses
CEDK501	2B	h2	body:activity	body:free	Making choices
CEDK501	5A	h3	body:activity	body:free	Identifying an objective
CEDK501	5B	h3	body:activity	body:free	Making a contribution
CEDK501	5C	h2	body:activity	body:free	Team plans
CEDK501	6B	h3	body:activity	body:activity	A warm welcome
CEDO402	3B	h3	body:panel3:activity	body:panel3:activity	*How close were you?*
CEDO402	3C	h3	body:panel3:activity	body:panel3:activity	*Reaction Times*
CEDO402	4A	h3	body:panel4:activity	body:panel3:activity	*Time calculations*
CEDO402	5A	h3	body:panel5:activity	body:panel3:activity	*DST calculations*
CEDO402	6A	h3	body:panel6:activity	body:panel3:activity	*Making a plan for my hauora.*
CEDO501	1A	h3	header:other	header:other	Understanding Life Stages
CEDO501	1B	h3	header:other	header:other	Understanding Life Stages
CEDO501	1C	h3	header:other	header:other	Understanding Life Stages
CEDO501	2A	h3	—	—	A father’s story
CEDO501	2B	h3	body:activity	body:free	Accessing the Student Allowance
CEDO501	2C	h3	—	—	Val’s Story
CEDO501	2D	h3	body:activity	body:activity	How much will I earn?
CEDO501	2E	h3	—	—	Aria’s Savings Goals
CEDO501	2F	h3	body:activity	body:free	Sorting income 
CEDO501	3A	h3	body:activity	body:activity	How the internet works
CEDO501	3C	h3	body:activity	body:activity	Revisiting internet terms
CEDO501	3D	h3	body:activity	body:activity	Find the browsers
CEDO501	3E	h3	body:activity	body:free	What we use browsers for
CEDO501	3F	h3	body:activity	body:activity	Revisiting internet terms
CEDO501	3G	h3	body:activity	body:activity	Revisiting internet terms
CEDO501	3G	h3	body:activity	body:free	Using your browser
CEDO501	4A	h3	body:activity	body:free	Changes in employment
CEDO501	4B	h3	body:activity	body:free	Factors that impact
CEDO501	5A	h3	body:activity	body:activity	Search engine sort
CEDO501	5B	h3	body:activity	body:free	Using the find tool
CEDO501	5C	h3	body:free	header:other	Using Boolean operators
CEDO501	5D	h3	body:activity	body:free	Is it trustworthy?
CEDO501	6D	h3	body:activity	body:free	What factors impact income
CEDO501	6E	h3	body:activity	body:free	What are the benefits?
CEDO502	1C	h3	body:activity	body:free	Manageable or unmanageable?
CEDO502	2A	h3	body:activity	body:free	My borrowing choices
CEDO502	3B	h3	body:activity	body:activity	Match the provider to the situation
CEDO502	3D	h3	body:free	body:free	Try it out
CEDO502	4C	h3	—	body:free	Kaiako-marked Activity 4C: Your search
CEDO502	7A	h3	body:activity	body:activity	When change affects credit
CEDR501	1A	h3	body:activity	body:activity	Understanding formal interviews
CEDR501	1B	h3	body:free	body:free	Needs and expectations
CEDR501	2A	h3	body:activity	body:activity	Expand vocabulary
CEDR501	2B	h3	body:activity	body:free	Choosing the right note-taking technique
CEDT104	2E	h3	—	—	**Let's** **share our pepeha waiata** **🎵**
CEDT501	1A	h3	body:activity	body:free	Your online activity
CEDT501	1B	h3	body:activity	body:activity	Unwanted comments
CEDT501	5A	h2	body:activity	body:activity	Behaviour types
CEDT501	5B	h3	body:activity	body:free	Personal Reflection Prompt
CEDT501	6D	h2	body:activity	body:activity	Positive or negative language
CEDW501	2A	h3	body:activity	body:activity	Aotearoa models of hauora
CEDW501	5C	h3	—	—	Mereana’s story
HES1002		h3	—	body:free	Watch the video below to think about what things/factors inf
HES1007	1A	h3	body:activity	body:free	Examples of Factors 
HES1007	1B	h3	body:activity	body:free	Identifying personal, interpersonal, and societal factors in
HES1007	1C	h3	body:activity	body:free	Identify and describe factors in your community 
HES1007	3A	h3	body:activity	body:activity	Summarise the article
HES1007	3B	h3	body:activity	body:activity	Energy drink resources
HES1007	3C	h3	body:activity	body:free	Sugary drink advertisements
HES1007	3D	h3	header:other	header:other	Evaluate factors that influence hauora
HES1007	4A	h3	body:activity	body:activity	Summarise the article
HES1007	4B	h3	body:activity	body:activity	Vegetable resources
HES1007	4C	h3	body:activity	body:free	Make a vegetable rich meal
HES1007	4D	h3	header:other	header:other	Evaluate factors that influence hauora
HES1007	5A	h3	body:activity	body:activity	Summarise the article
HES1007	5B	h3	body:activity	body:activity	Online behaviour resources
HES1007	5C	h3	header:other	header:other	Evaluate factors that influence hauora
HES1007	6A	h3	body:activity	body:activity	Summarise the article
HES1007	6B	h3	body:activity	body:activity	Vaping resources
HES1007	6C	h3	body:activity	body:free	Vaping-related images
HES1007	6D	h3	header:other	header:other	Evaluate factors that influence hauora
HES1007	7A	h3	body:activity	body:activity	Summarise the article
HES1007	7B	h3	body:activity	body:activity	Menstruation resources
HES1007	7C	h3	body:activity	body:free	Menstruation experiences
HES1007	7D	h3	header:other	header:other	Evaluate factors that influence hauora
HES1007	8A	h3	body:activity	body:activity	Summarise the article
HES1007	8C	h3	body:activity	body:free	Unpacking youth and porn research
HES1007	8D	h3	header:other	header:other	Evaluate factors that influence hauora
HPFUN303	1A	h3	body:activity	body:activity	Scenario sorting
HPFUN402		h3	body:activity	body:free	Personal responsibility 
MXEO401	2E	h3	—	body:free	Education Perfect
MXEO401	3D	h3	—	body:free	Education perfect. 
MXEX201	1B	h3	body:activity	body:free	Aotearoa | New Zealand
MXEX201	1C	h3	body:activity	body:free	Your place
MXEX201	2A	h3	body:activity	body:free	Using Maps
MXEX201	2C	h3	body:activity	body:free	Legend and Key
MXEX201	3A	h3	header:other	body:free	Grid references
MXEX201	3B	h3	body:activity	body:free	Using a Scale
MXEX201	4B	h3	header:other	header:other	Your Neighbourhood
MXEX202	1	h3	body:activity	body:free	Measuring 1 cup
MXEX202	2	h3	body:free	body:free	Double or Half
MXEX202	2	h3	body:activity	body:free	Fun Water Challenge
MXEX202	3	h3	body:activity	body:free	Fruit Smoothie
MXEX202	1	h3	—	—	Let's get baking.
MXEX202	2	h3	—	body:free	Saying Thanks
MXEX202	1	h3	header:other	header:other	Buying Ingredients
MXEX202	2	h3	—	—	Let’s get cooking
MXEX202	3	h3	body:activity	body:free	Plan a family meal.
MXEX401	1B	h3	body:activity	body:activity	*A hands on activity*
MXEX401	3A	h2	—	body:activity	*MEMORY GAME* ✅*(like the one in module MX0521).*
MXEX401	3B	h2	—	body:activity	Similar Triangles practice
MXEX401	3C	h2	body:activity	body:activity	Practical activity
MXEX401	4D	h2	header:other	header:other	**Pythagoras Theorem practice**
MXEX401	5A	h2	body:activity	body:activity	**Centre of enlargement and scale factor**
MXEX401	5B	h2	body:activity	body:activity	**Get creative**
MXFL201	2A	h3	body:activity	body:free	Discovering tourism in the regions
MXFL202	6A	h2	body:activity	body:activity	Which graph will you use?
PHE1003	7	h1	body:activity	header:other	Test your knowledge
TEFUN02	2B	h3	body:activity	body:free	Optional activity: your turn
TEFUN08	2A	h3	—	body:activity	**Share your understanding**
TEFUN08	3A	h3	—	body:activity	**Share your understanding**
TEFUN08	4A	h3	—	body:activity	**Share your understanding**
WJFUN113	1A	h3	body:activity	body:activity	Match them up
WJFUN206	2D	h3	body:activity	body:free	Get ready to write
WJFUN208	1C	h2	body:activity	body:free	Show your learning
WJFUN208	2C	h3	body:activity	body:free	Using stronger words
WJFUN211	1B	h3	body:activity	body:activity	Name the Feature
WJFUN304	2C	h3	body:free	body:free:side	Expanding sentence meaning
WJFUN304	4A	h3	body:activity	—	Spot the structure
XGF9002	1A	h3	body:free	body:activity	Beyond the myths: understanding your gifted child
XGF9002	2A	h3	body:activity	body:free	Emotion patterns check-in
XGF9002	2B	h3	body:activity	body:activity	Responding with calm and connection
XGF9002	2C	h3	body:activity	body:activity	Empathy match-up
XGF9002	3B	h3	body:activity	body:activity	What builds resilience? 
XGF9002	3C	h3	body:activity	body:activity	Flip the script – what could I say instead? 
XGF9002	4C	h3	body:activity	body:activity	Everyday spark finder
XGF9002	5A	h3	body:activity	body:activity	Structure or freedom? 
XGF9002	5B	h3	body:activity	body:activity	Routine builder match-up
XGF9002	5C	h3	body:activity	body:activity	Overload or rebalance
XGF9002	6A	h3	body:activity	body:activity	Questions that open thinking
XGF9002	7B	h3	body:activity	body:activity	Words we use
XGF9002	7C	h3	body:activity	body:activity	Responding to setbacks
XGF9002	8A	h3	body:activity	body:activity	Why community matters
XGF9002	8B	h3	body:activity	body:activity	Mapping support across Aotearoa New Zealand
XGF9003	2A	h3	—	—	Let's get organised! 
XGF9003	2C	h3	body:activity	body:activity	Putting the day in order
XGF9003	2D	h3	body:activity	body:activity	Time it!
XGF9003	2E	h3	body:activity	body:activity	Planning your week 
XGF9003	2H	h3	body:activity	body:activity	Getting started
XGF9003	3A	h3	body:activity	body:alert	Rate my self-regulation
XGF9003	3C	h3	body:activity	body:free	Green Light, Yellow Light, Red Light
XGF9003	3D	h3	body:activity	body:alert	Can you control your impulses?
XGF9003	3E	h3	body:activity	body:free	Attention and focus: match the meanings
XGF9003	4A	h2	body:activity	body:alert	Problem solving with flexible thinking    
XGF9003	4C	h3	body:activity	body:activity	Metacognitive questions to ask yourself
XGF9003	5B	h3	body:activity	body:free	Going shopping
XGF9003	5C	h3	body:activity	body:free	Spot the difference
XGF9003	5E	h3	body:free	body:free	DECIDE model
XGF9004	4A	h2	—	body:activity	True false detective
XGF9006	3A	h3	body:activity	body:activity	Is it a Big Question?
XGF9006	3B	h3	body:activity	body:free	Question builder tool
XGF9006	4B	h3	body:activity	body:alert	Note-taking researcher
XGF9006	6D	h3	body:activity	body:free	Feedback circles
XGF9006	7A	h3	body:activity	body:activity	genius hour Vocabulary builder
XGF9006	7B	h3	body:activity	body:alert	Mystery reflection – what's behind the door? 
XGF9006	7D	h3	body:activity	body:activity	My genius hour growth timeline
