AGH1001	AGH1001_3_0.html	3B#2	5	Self Check: True or False
AGH1002	AGH1002_3_0.html	3A#1	1	Plant growth and light experiment
AGH1004	AGH1004_3_0.html	3B#2	1	Compare the data for rainfall and temperature in 2 regions
AGH1004	AGH1004_3_0.html	3C#3	1	Climate challenges in the Waikato
AGH1004	AGH1004_3_0.html	3D#4	5	A year in a kiwifruit orchard
AGH1004	AGH1004_5_0.html	5B#2	9	Knowledge Check Sorting Activity
AGH1004	AGH1004_6_0.html	7A#1	1	Use the graph to order the agricultural products as increase
AGH1005	AGH1005_1_0.html	1A#1	5	Māori and Western views on plants and their purpose
AGH1005	AGH1005_2_0.html	2A#1	5	Root and Stem Review
AGH1005	AGH1005_3_0.html	3A#1	5	Select whether the following statements are important factor
AGH1005	AGH1005_6_0.html	6A#1	6	Knowledge self-check
AGH1005	AGH1005_8_0.html	8B#2	4	Label each process by dragging the corresponding process to 
AGH1006	AGH1006_3_0.html	4A#1	2	Problem solving scenario
AGH1006	AGH1006_7_0.html	8A#1	1	Fertiliser and growing scenario
AGH1007	AGH1007_9_0.html	9D#3	1	Complete the checkpoint once you have finished all activitie
AGH1008	AGH1008_2_0.html	2A#1	1	Digestability and components of feed
AGH1008	AGH1008_8_0.html	8B#2	1	NAIT tags and quarantine
AGH1009	AGH1009_1_0.html	1A#1	1	Why are matauranga Māori values important?
AGH1009	AGH1009_1_0.html	1B#2	1	Brainstorm at least two differences in attitude towards land
AGH1009	AGH1009_4_0.html	4A#1	15	Good or poor-quality water?
AGH1009	AGH1009_6_0.html	6D#2	2	Case study: Regenerative practices
AGH1009	AGH1009_9_0.html	9A#1	1	List 2 positive impacts the reduction of calendar spraying h
AGH1009	AGH1009_9_0.html	9B#2	2	Which of these statistics is still showing an increase in po
AGH1009	AGH1009_9_0.html	9C#3	1	Describe how planting of trees within steep hill country are
ANZH101	ANZH101_1_0.html	1C#3	3	Ngā Kupu Nui | Important Words
ANZH103	ANZH103_1_0.html	3A#1	2	The voyages of Te Tiriti o Waitangi
ANZH103	ANZH103_1_0.html	3B#2	1	The Treaty Documents
ANZH105	ANZH105_5_0.html	5A#1	4	Choose one story and answer these questions in your journal.
ANZH105	ANZH105_6_0.html	6A#1	3	Talk with your supervisor to answer these questions.
ANZH203	ANZH203_6_0.html	7B#2	1	Well done! You have completed this module. Now is a good tim
ANZH205	ANZH205_2_0.html	2A#1	6	Was Te Kemara for or against signing the treaty?
ANZH205	ANZH205_3_0.html	3A#1	11	Can you use the videos above to help you answer these questi
ANZH205	ANZH205_7_0.html	7A#1	2	Congratulations for completing this module!
ANZH303	ANZH303_6_0.html	6B#2	1	What to do now?
ANZH304	ANZH304_6_0.html	6C#3	1	Kai pai, you have completed this module. Upload your journal
ANZH401	ANZH401_5_0.html	5A#1	6	In the Wairau Affray both sides of the conflict held differe
ANZH401	ANZH401_8_0.html	8A#1	7	Watch the following extract from the documentary “Looking Ba
ANZH401	ANZH401_9_0.html	9A#1	2	Watch this video clip about why Pacific Islanders came to Ao
ANZH401	ANZH401_9_0.html	9B#2	10	Watch the short video about how to draw and interpret a line
ANZH401	ANZH401_11_0.html	11A#1	3	Watch the following video and answer the questions that foll
ANZH401	ANZH401_11_0.html	11B#2	4	Because of actions taken by the Polynesian Panthers the Dawn
ANZHFUN05	ANZHFUN05_0_0.html	1A#1	1	Use the following focus questions and information from the a
ARFUN03	ARFUN03_0_0.html	2B#3	1	Designer note: Please add a heading.
ARFUN03	ARFUN03_0_0.html	3B#6	1	Designer note: Please provide a heading.
ART1002	ART1002_1_0.html	1A#1	1	Click on the video.
ART1002	ART1002_1_0.html	1B#2	1	Add some collaged elements
ART1002	ART1002_1_0.html	1C#3	1	Make another layer of colour
ART1002	ART1002_5_0.html	2A#1	9	What is in a Visual Arts Diary?
ART1002	ART1002_5_0.html	2C#3	1	Reflections on your work and progress
ART1004	ART1004_0_0.html	4A#1	2	Create a finished Artwork
ART1004	ART1004_0_0.html	4C#3	2	Investigating exhibitions
ART1004	ART1004_0_0.html	4D#4	2	Match the pictures with the exhibition descriptions
ART1004	ART1004_0_0.html	4F#6	5	How to present your learning
ART1006	ART1006_1_0.html	1A#2	2	Investigate project ideas
ART1006	ART1006_1_0.html	1B#3	5	What project inspired you?
ART1006	ART1006_1_0.html	1C#4	1	Create a brainstorm/spider diagram
ART1006	ART1006_1_0.html	1D#5	2	Research your project process
ART1006	ART1006_3_0.html	3B#2	4	Create a time limit on your project
ART1006	ART1006_3_0.html	3C#3	3	Getting yourself ready
ART1006	ART1006_4_0.html	4A#1	2	Required: 1–2 A4 pages of notes and drawings | Time: 1 hour.
ART1006	ART1006_4_0.html	4B#2	1	Required: 1 completed self-assessment form | Time: 1–2 hours
BLL116	BLL116_1_0.html	1E#5	1	Watch the video and listen to the songs about each letter.
BLL120	BLL120_0_0.html	1F#6	1	Where is the /k/ sound?
BLL120	BLL120_0_0.html	2G#15	2	After watching video four, highlight to the ākonga C /k/ cur
BLL120	BLL120_0_0.html	5A#33	1	Some ākonga need more practice than others when learning the
BLL120	BLL120_0_0.html	6A#42	1	Some ākonga need more practice than others when learning the
BLL120	BLL120_0_0.html	7A#51	1	Some ākonga need more practice than others when learning the
BLL162	BLL162_1_1.html	2A#1	1	These words all have the chunk ‘op’ in them. Read these word
BLL164	BLL164_1_0.html	1B#2	8	Now, it’s your turn!
BLL216	BLL216_1_0.html	1D#4	6	Here are some more examples for each of these prefixes:
BLL234	BLL234_2_0.html	2A#1	1	The story we are going to read next is about a boy called Jo
BLL234	BLL234_2_0.html	2D#4	8	Some of these sentences below have the speech marks in the c
BLL235	BLL235_1_0.html	1B#2	7	Drag the suffixes onto the words in the table. When you have
BLL261	BLL261_1_0.html	1D#4	1	Play the memory game using words that begin with str, spr, s
CBI1004	CBI1004_1_0.html	1A#1	4	Decide whether these characteristics are determined by genet
CBI1004	CBI1004_4_0.html	4B#2	1	Where are chromosomes found?
CBI1004	CBI1004_5_0.html	5A#1	1	Label this diagram by dragging and dropping the blue boxes t
CBI1004	CBI1004_5_0.html	5B#2	2	Select the correct word to fill in the blanks and complete t
CBI1004	CBI1004_5_0.html	5C#3	13	Match the type of protein with an example.
CBI1004	CBI1004_6_0.html	6D#4	1	Complete the quiz to review your learning so far.
CBI1005	CBI1005_9_0.html	9A#1	25	How did kūmara get to New Zealand?
CBI1008	CBI1008_5_0.html	5A#1	1	Effects of combustion
CBI1009	CBI1009_4_0.html	4C#1	2	Chemical Conservation of Matter
CEDK102	CEDK102_0_0.html	4D#12	1	Take a selfie (or have someone take a photo of you). Use an 
CEDK401	CEDK401_0_0.html	1C#3	4	The food production process
CEDK401	CEDK401_0_0.html	3A#5	13	Thinking about abundance
CEDK401	CEDK401_0_0.html	3B#6	3	Reflecting on Fishing
CEDK401	CEDK401_0_0.html	8A#11	23	Summarise what you have learned to formulate a plan of actio
CEDK401	CEDK401_0_0.html	8B#12	3	Option 2: Reflection
CEDK401	CEDK401_0_0.html	8C#13	4	Create your own community initiative or get involved with a 
CEDK401	CEDK401_0_0.html	8D#14	1	Share your journal with your kaiako by uploading your final 
CEDK501	CEDK501_2_0.html	2B#2	13	Find Alex’s total weekly expenses. We can do this by adding 
CEDK501	CEDK501_3_1.html	3D#1	6	Select the ways that Jordan maintained his motivation whilst
CEDK501	CEDK501_5_0.html	3A#1	5	Select the ways that Litia tracks her progress from the list
CEDK501	CEDK501_5_0.html	3C#3	1	A blank diary template is available here. Make sure that you
CEDK501	CEDK501_5_1.html	5B#1	13	Making a contribution
CEDK501	CEDK501_5_1.html	5C#2	7	Now consider how you might contribute to your own team with 
CEDK501	CEDK501_6_0.html	4A#1	7	Designer note: Please provide a title for this interactive.
CEDK501	CEDK501_6_1.html	6D#2	11	In the scenarios below, choose the response that supports th
CEDK501	CEDK501_7_0.html	5A#1	9	Identifying an objective
CEDK501	CEDK501_9_0.html	7A#1	3	Assessment information
CEDO202	CEDO202_0_0.html	2A#3	18	Making your own observations
CEDO202	CEDO202_0_0.html	3A#4	2	The months of the year
CEDO202	CEDO202_0_0.html	3B#5	13	What did you learn from the video?
CEDO202	CEDO202_0_0.html	5A#7	3	Watch the autumn video of the leaves falling from trees.
CEDO202	CEDO202_0_0.html	6B#10	2	Practising and rehearsing is an important aspect of dance an
CEDO204	CEDO204_0_0.html	1B#2	2	Birds build nests that suit their lifestyles and habitat. Bi
CEDO204	CEDO204_0_0.html	2A#4	6	Label some features of beavers that are useful for building 
CEDO402	CEDO402_0_0.html	3A#5	15	Press stop when the first waka crosses the line.
CEDO501	CEDO501_1_0.html	1A#1	16	Understanding life stages
CEDO501	CEDO501_1_0.html	1B#2	11	Understanding life stages
CEDO501	CEDO501_2_1.html	2B#2	27	Accessing the Student Allowance
CEDO501	CEDO501_2_1.html	2C#3	6	Here, Val shares their story about having a disability and b
CEDO501	CEDO501_2_1.html	2E#5	1	Aria's savings goals
CEDO501	CEDO501_2_2.html	2F#1	8	Consider the income of each person below. Using what you've 
CEDO501	CEDO501_3_0.html	3C#2	1	Revisiting internet terms
CEDO501	CEDO501_4_1.html	4A#1	7	Changes in employment
CEDO501	CEDO501_5_0.html	5B#2	4	Using the find tool
CEDO501	CEDO501_8_0.html	6A#1	3	Amelia starts a new job
CEDO501	CEDO501_8_0.html	6B#2	3	I'm planning to take time off work to care for my new baby. 
CEDO501	CEDO501_8_0.html	6C#3	4	Preparing for retirement
CEDO501	CEDO501_8_0.html	6D#4	9	What factors impact income
CEDO501	CEDO501_8_0.html	6E#5	14	What are the benefits?
CEDO502	CEDO502_1_1.html	1C#2	3	Manageable or unmanageable?
CEDO502	CEDO502_2_0.html	2A#1	5	My borrowing choices
CEDO502	CEDO502_3_0.html	3C#2	2	Credit - types of credit providers
CEDO502	CEDO502_4_0.html	4C#2	6	Move to the Lesson 4 Kaiako-marked Activity to practise the 
CEDO502	CEDO502_5_0.html	5A#1	1	After considering these ideas, you may choose to change the 
CEDO502	CEDO502_6_0.html	6A#1	4	Āu Whiringa (Assessment)
CEDO502	CEDO502_8_0.html	8A#1	1	Describe credit and debt and their impacts on personal finan
CEDR101	CEDR101_0_0.html	1D#4	4	Here is a dropbox for you to share your learning with your k
CEDR101	CEDR101_0_0.html	7C#24	2	You have played games, read about games and talked about gam
CEDR203	CEDR203_0_0.html	1A#1	1	Aotearoa New Zealand eco-leaders
CEDR203	CEDR203_0_0.html	1A#2	23	Locate the Eco-leader!
CEDR203	CEDR203_0_0.html	4A#5	9	Eco-leaders at Te Kura
CEDR203	CEDR203_0_0.html	4C#7	1	Designer note: lesson title
CEDR401	CEDR401_0_0.html	2A#2	5	Sort the leadership template
CEDR401	CEDR401_0_0.html	3A#5	24	Text-to-text connections
CEDR401	CEDR401_0_0.html	4B#8	3	Look at the title, the numbers, the dates and the key. Think
CEDR401	CEDR401_0_0.html	4C#9	6	What would a graph like this tell us? When we describe a gra
CEDR401	CEDR401_0_0.html	4D#10	8	Look for a pattern in the data. What’s going on here? Decide
CEDR401	CEDR401_0_0.html	5A#11	3	Reading the stacked bar chart
CEDR401	CEDR401_0_0.html	5B#12	2	Compare the survey and the leaving rates
CEDR501	CEDR501_2_0.html	1B#1	2	Needs and expectations
CEDR501	CEDR501_2_1.html	2B#1	7	Choosing the right note-taking technique
CEDT104	CEDT104_0_0.html	1B#2	2	Follow the video to learn a new dance using body parts in te
CEDT104	CEDT104_0_0.html	1C#3	2	Watch each video and practise making the NZSL movement. Note
CEDT104	CEDT104_0_0.html	1E#5	6	Talk with your ākonga (student) about each of these statemen
CEDT104	CEDT104_0_0.html	2A#6	2	Maunga (mountain) Lift your arms to make a triangle above yo
CEDT104	CEDT104_0_0.html	2C#8	4	Talk with your ākonga (student) about each of these statemen
CEDT104	CEDT104_0_0.html	3A#10	4	Step 1: Echo time
CEDT104	CEDT104_0_0.html	3F#15	6	Let’s share our Pepeha waiata
CEDT104	CEDT104_0_0.html	3G#16	8	Let's check what we've learned
CEDT104	CEDT104_0_0.html	4A#17	9	Work with your supervisor to make your own poi.
CEDT104	CEDT104_0_0.html	4D#20	3	Your poi can make different sounds depending on how you move
CEDT104	CEDT104_0_0.html	5A#21	5	Using your poi, try to do each of these movements. Tick each
CEDT104	CEDT104_0_0.html	5B#22	3	Let's learn our poi waiata
CEDT104	CEDT104_0_0.html	7D#30	2	Let's check what we've learned
CEDT207	CEDT207_0_0.html	1B#2	4	Me, my selfie and I
CEDT207	CEDT207_0_0.html	1C#3	2	I can’t imagine life without
CEDT207	CEDT207_0_0.html	1D#4	8	Find an empty box (about the size of a shoe box) to decorate
CEDT207	CEDT207_0_0.html	2A#6	5	Family history museum
CEDT207	CEDT207_0_0.html	2C#8	2	Making baking memories
CEDT207	CEDT207_0_0.html	2D#9	2	Creating a family timeline
CEDT207	CEDT207_0_0.html	4B#12	1	What colour are you?
CEDT207	CEDT207_0_0.html	5B#14	4	Aboriginal family/symbology
CEDT207	CEDT207_0_0.html	5C#15	2	Heart filled symbol art
CEDT207	CEDT207_0_0.html	6A#16	13	The instructions are only a guide for ākonga, they are welco
CEDT301	CEDT301_0_0.html	3D#10	1	Using all or some of the information and photos you have gat
CEDT301	CEDT301_0_0.html	5A#12	2	Find a walkway in an area near to where you live that has a 
CEDT301	CEDT301_0_0.html	6E#20	2	Your kaiako would love to see the presentation you have crea
CEDT501	CEDT501_1_0.html	1A#1	2	Your online activity
CEDT501	CEDT501_2_0.html	2A#1	2	Who do you think is affected when someone is bullied online?
CEDT501	CEDT501_3_0.html	3B#2	1	In the next response sheet, identify the immediate actions a
CEDT501	CEDT501_3_1.html	3C#1	7	Tick the examples that demonstrate assertive responses.
CEDT501	CEDT501_5_0.html	5B#2	4	Personal reflection prompt
CEDT501	CEDT501_5_1.html	5C#1	19	Click on each image to read through a scenario where someone
CEDT501	CEDT501_6_0.html	6B#2	1	Different language, different settings
CEDT501	CEDT501_7_0.html	7A#1	3	Was it hard or easy to talk with these people one-to-one? Wh
CEDT501	CEDT501_8_0.html	8A#1	6	Have you taken part in any group discussions during the past
CEDT501	CEDT501_8_0.html	8B#2	1	How might using tikanga help people feel more confident to s
CEDW501	CEDW501_1_0.html	1B#2	18	This video explains more about tikanga Māori. Watch it caref
CEDW501	CEDW501_2_1.html	2C#2	1	What affects our wellbeing?
CEDW501	CEDW501_4_0.html	4A#1	2	Presentation of whakapapa using appropriate terms US496
CEDW501	CEDW501_7_2.html	7A#1	1	Three week diary template
CEDW501	CEDW501_7_2.html	7B#2	1	Click on the button below to access an editable copy of the 
CEDW501	CEDW501_7_2.html	7C#3	1	Click on the button below to access an editable copy of the 
CEDW501	CEDW501_7_2.html	7D#4	1	Social wellbeing scale
CEDW501	CEDW501_7_2.html	7E#5	1	Emoji Log (for mood)
CEDW501	CEDW501_7_2.html	7F#6	1	To receive feedback on your diary and tracking resources, up
CEDW501	CEDW501_7_2.html	7G#7	1	Complete the quick quiz.
CEDW501	CEDW501_8_0.html	8A#1	1	Improving personal wellbeing
CHWHA	CHWHA_0_0.html	1A#1	4	What do you already know?
COM1002	COM1002_2_0.html	2A#1	1	Below is a summary of this topic. Test your understanding of
COM1002	COM1002_2_0.html	2D#4	2	A comparison of incorporated and unincorporated community or
COM1002	COM1002_3_0.html	3B#2	1	Being a sole trader
COM1002	COM1002_4_0.html	4A#1	1	Companies – Private and Public
COM1002	COM1002_5_0.html	5A#1	1	The Values of an Organisation
COM1005	COM1005_3_0.html	3C#3	1	Households and producers
COM1005	COM1005_5_0.html	5B#2	1	The government sector
COM1005	COM1005_7_0.html	7B#2	1	Drag the boxes into the correct location on the diagram belo
DAN1003	DAN1003_2_0.html	2A#1	2	How does your dance genre use the elements of dance?
DAN1003	DAN1003_3_0.html	3A#1	1	Identify cultural and social reasons
DAN1003	DAN1003_6_0.html	7A#1	2	Clothing and costumes
DAN1004	DAN1004_1_0.html	1B#2	2	For this activity you will match the photo with its verb bel
DAN1004	DAN1004_2_0.html	2A#1	2	You will choose nine action verbs from the word bank. In you
DAN1004	DAN1004_3_0.html	3A#1	3	The water is calm
DAN1004	DAN1004_4_0.html	4A#1	3	The water is changing
DAN1004	DAN1004_5_0.html	5A#1	3	The water is surging
DAN1004	DAN1004_6_0.html	6A#1	6	The journey of the water
DAN1004	DAN1004_7_0.html	7A#1	4	Filming and reflecting
DAN1004	DAN1004_9_0.html	8A#1	3	You will now upload your filmed dance sequence for assessmen
DAN1006	DAN1006_6_0.html	6A#1	7	Rehearsing for confidence
DAN1006	DAN1006_7_0.html	7A#1	1	Choose three of the activities for rehearsing your contempor
DAN1006	DAN1006_7_0.html	7B#2	1	Performance reflection
DAN1006	DAN1006_8_0.html	8A#1	4	Submitting your sequences for feedback
DTC1004	DTC1004_2_0.html	2A#1	11	Here are some examples of needs and opportunities for design
DTC1004	DTC1004_5_0.html	5A#1	1	Please head to the journal to begin testing your design. You
DTC1005	DTC1005_18_0.html	6A#1	3	Taking videos with a device
DTC1005	DTC1005_20_0.html	7A#1	5	Your own choice proposal
ENFUN01	ENFUN01_0_0.html	2B#7	10	Which text type should I use?
ENFUN02	ENFUN02_0_0.html	1B#2	1	Look at this picture. Tell your supervisor the things that y
ENFUN02	ENFUN02_0_0.html	1C#3	2	Ask your ākonga to retell the story to you. A good idea is t
ENFUN04	ENFUN04_0_0.html	1D#4	16	Create your own dictionary
ENFUN08	ENFUN08_0_0.html	3B#13	9	Hyperbole examples in everyday life
ENG1004	ENG1004_0_0.html	1A#1	1	Context and presentation mode selection
ENG1004	ENG1004_0_0.html	1B#2	2	You can choose to do this verbally, on the graphic organiser
ENG1004	ENG1004_0_0.html	1C#3	12	Complete a draft of your assessment, this is your chance to 
ENG1004	ENG1004_0_0.html	1D#4	2	Final assessment submission
ENG1004	ENG1004_1_0.html	1A#1	1	Context and presentation mode selection
ENG1004	ENG1004_1_0.html	1B#2	2	You can choose to do this verbally, on the graphic organiser
ENG1004	ENG1004_1_0.html	1C#3	12	Complete a draft of your assessment, this is your chance to 
ENG1004	ENG1004_1_0.html	1D#4	2	Final assessment submission
ENG1004	ENG1004_2_0.html	1A#1	1	Context and presentation mode selection
ENG1004	ENG1004_2_0.html	1B#2	2	You can choose to do this verbally, on the graphic organiser
ENG1004	ENG1004_2_0.html	1C#3	12	Complete a draft of your assessment, this is your chance to 
ENG1004	ENG1004_2_0.html	1D#4	2	Final assessment submission
ENGC101	ENGC101_4_0.html	4A#1	11	We don’t always need words to communicate. Sometimes a simpl
ENGC101	ENGC101_5_0.html	5E#5	2	Ka pai! You have completed this module about communication. 
ENGC102	ENGC102_1_0.html	1C#3	2	Fiction versus nonfiction
ENGC102	ENGC102_2_0.html	2D#4	1	Go to your journal to match some more headings to a paragrap
ENGC102	ENGC102_3_0.html	3D#4	1	Go to your journal to answer some more questions about readi
ENGC102	ENGC102_4_0.html	4B#2	1	Photo or illustration?
ENGC102	ENGC102_7_0.html	7D#4	1	Go to your journal to complete another activity using an ind
ENGC201	ENGC201_3_0.html	3C#3	1	Open and closed question quiz
ENGC201	ENGC201_5_0.html	5B#2	1	Identifying emotions
ENGC206	ENGC206_1_0.html	1C#3	1	Drag and drop all the cooking verbs (action words) into the 
ENGC206	ENGC206_7_0.html	5E#5	9	Editing your writing
ENGC301	ENGC301_7_0.html	7C#3	1	What to do now?
ENGC302	ENGC302_5_0.html	5A#1	2	Proofread these lines from Kahu’s email and write the correc
ENGC302	ENGC302_7_0.html	7A#1	3	Throughout this module, you have seen how Kahu has enjoyed v
ENGC403	ENGC403_3_0.html	3A#1	3	Choose whether the following statements are fact or opinion.
ENGC403	ENGC403_9_0.html	8B#2	2	Self assessment task
ENGFUN02	ENGFUN02_0_0.html	1A#1	10	Drag and drop the appropriate ending to each sentence.
ENGFUN02	ENGFUN02_1_0.html	2A#1	15	Drag and drop the appropriate ending to the sentence.
ENGFUN02	ENGFUN02_2_0.html	3A#1	7	Drag and drop the descriptions to match the transition type.
ENGFUN02	ENGFUN02_3_0.html	4A#1	5	Drag the auditory technique to match the examples.
ENGFUN02	ENGFUN02_4_0.html	5A#1	4	Match the technique with the definition.
ENGI102	ENGI102_2_0.html	1A#1	2	What happened in the story?
ENGI102	ENGI102_2_0.html	1A#3	3	Who was in the story?
ENGI102	ENGI102_2_0.html	1A#4	4	Make a picture of a scene in the story
ENGI102	ENGI102_2_0.html	1A#5	4	Create an important item from the fairytale out of recycled 
ENGI102	ENGI102_6_0.html	3A#3	2	Draw your favourite character
ENGI102	ENGI102_6_0.html	3A#4	3	Create a scene diorama
ENGI102	ENGI102_6_0.html	3A#5	1	Task: many Maori stories are closely connected to nature. Go
ENGI201	ENGI201_3_0.html	3B#2	8	Presenting a story of a person from a different culture.
ENGI202	ENGI202_4_0.html	4D#2	1	Congratulations! You haven’t quite finished this module, but
ENGI202	ENGI202_5_0.html	5A#1	5	What cultural symbols did you find in the story? "Rātā me te
ENGI202	ENGI202_5_0.html	5B#2	9	How a culture’s values can be found in the stories we tell
ENGI203	ENGI203_1_0.html	1A#1	3	What items can go in a time capsule?
ENGI203	ENGI203_4_0.html	4C#3	1	Now it is time to add to your digital time capsule. Which th
ENGI203	ENGI203_5_0.html	5B#2	2	Now it is time to add to your digital time capsule. Which th
ENGI203	ENGI203_6_0.html	6C#3	2	Selecting Your Entertainment Items
ENGI203	ENGI203_7_0.html	7C#3	2	Your Technological Treasures
ENGI203	ENGI203_8_0.html	8C#3	3	Selecting Your Time Capsule Heroes
ENGI203	ENGI203_9_0.html	9C#2	2	Selecting Your Taonga
ENGI301	ENGI301_2_0.html	2A#1	1	Choose two of the rugby greats provided to compare data on. 
ENGI301	ENGI301_5_0.html	6B#2	7	Create your own fact file. Use your skills of skimming and s
ENGI301	ENGI301_5_0.html	6C#3	1	Sharing your learning
ENGI400	ENGI400_3_0.html	3C#3	2	Sending your work to your kaiako
ENGJ102	ENGJ102_4_0.html	4B#2	1	Match these contractions to their extended words:
ENGJ102	ENGJ102_5_0.html	5C#3	1	Ka pai! You have completed the Play with Poetry Module. It i
ENGJ301	ENGJ301_6_0.html	6C#3	1	Now is the time to dropbox your journal with all the learnin
ENGJ301	ENGJ301_7_0.html	7A#1	4	Before you start writing your story, make sure you can tick 
ENGJ302	ENGJ302_9_0.html	8A#1	9	Writing poetry is often hard work. Make sure you take some t
ENGJ402	ENGJ402_5_0.html	5B#2	2	Now is the time to dropbox your journal with your ode, sonne
ENGJ402	ENGJ402_8_0.html	8A#1	4	Revising your sonnet
ENGR101	ENGR101_7_0.html	7C#3	1	You have now completed this module and earned your own repor
ENGR202	ENGR202_2_0.html	2A#1	3	Choosing our colours
ENGR202	ENGR202_2_0.html	2C#3	4	Can you organise these lions into their shape category?
ENGR202	ENGR202_2_0.html	2D#4	4	Choosing our character shape
ENGR202	ENGR202_7_0.html	7B#2	2	Ka pai tō mahi! (Good work!) You have come to the end of the
ENGR301	ENGR301_3_0.html	?#4	7	A quote is a short saying or phrase from someone famous or w
ENGS101	ENGS101_2_0.html	2B#2	1	This is a retelling of the Māui story. Read it yourself, or 
ENGS101	ENGS101_5_0.html	5B#2	9	My learning checklist
ENGS102	ENGS102_1_0.html	1D#4	1	You can support your student by reading the sentence to them
ENGS202	ENGS202_1_0.html	1A#1	1	Identifying our landmarks
ENGS202	ENGS202_3_0.html	3B#2	9	Tick whether the examples have been correctly punctuated wit
ENGS301	ENGS301_3_0.html	3A#1	1	Deforestation in Aotearoa New Zealand
ENGS302	ENGS302_6_0.html	6D#4	18	What is a timetable?
ENGS401	ENGS401_3_0.html	3B#2	1	Identifying strong and weak evidence
ENGS401	ENGS401_5_0.html	5B#2	4	Here is the scorecard showing one judge’s view of Tu’s final
ENGS404	ENGS404_6_0.html	6A#1	5	Believable characters
ENO2060	ENO2060_1_0.html	1C#3	6	Checklist to test idea
ENO2060	ENO2060_8_0.html	6A#1	13	For this checkpoint you will create a statement of intent. Y
ENO2060	ENO2060_8_0.html	6B#2	5	Complete checkpoint two on your brainstorming document. You 
ENO2060	ENO2060_8_0.html	6C#3	1	Draft your presentation
ENO2060	ENO2060_8_0.html	6D#4	1	Final assessment submission
EXBP901	EXBP901_1_0.html	1B#2	1	Complete Activity 1B KWL chart – What do I know about my top
EXBP901	EXBP901_1_0.html	1E#5	1	Complete the quiz to show your kaiako (teacher) where you fe
EXBP901	EXBP901_3_0.html	2E#5	2	Now it is your turn to design your success criteria. Write s
EXBP901	EXBP901_3_0.html	2G#7	1	Now it's time for you to start working on your own timeline.
EXBP901	EXBP901_3_0.html	2H#8	1	Go to your journal and write the name of your mentor and a b
EXBP901	EXBP901_4_0.html	3B#2	1	Keeping track of progress
EXIP901	EXIP901_2_0.html	1A#1	1	Now it is time to brainstorm your own ideas by creating a mi
EXIP901	EXIP901_2_0.html	1D#4	3	My topic and essential questions
EXIP901	EXIP901_2_0.html	1E#5	1	Now you are going to complete a reflection by making some co
EXIP901	EXIP901_4_0.html	2A#1	1	Go to your journal and complete the learning goals activity.
EXIP901	EXIP901_4_0.html	2B#2	9	Read the learning goals below and drag over the learning int
EXIP901	EXIP901_4_0.html	2D#4	2	Now it is your turn to design your own success criteria. Wri
EXIP901	EXIP901_4_0.html	2F#6	1	Go to your journal to start working on the timeline part of 
EXIP901	EXIP901_4_0.html	2G#7	1	Go to your journal and write the name of your mentor/s and a
EXIP901	EXIP901_4_0.html	2I#9	1	Stop! Submit your journal to your kaimanaaki and wait for fe
EXIP901	EXIP901_5_0.html	3D#4	2	Challenges and motivators
EXPFUN07	EXPFUN07_0_0.html	1A#1	5	Have you got some ideas now? Remember, you have many more ch
FRFUN06	FRFUN06_0_0.html	1A#1	2	Can you spot the sound?
FRFUN06	FRFUN06_0_0.html	1B#2	2	Can you spot the sound?
FRFUN06	FRFUN06_0_0.html	1C#3	3	Hearing the difference
FRFUN06	FRFUN06_0_0.html	1D#4	3	Drag the words into the sound group column that they belong 
FRFUN06	FRFUN06_0_0.html	1E#5	3	Can you spot the sound?
FRFUN06	FRFUN06_0_0.html	1F#6	3	Can you spot the sound?
FRFUN06	FRFUN06_0_0.html	1G#7	1	Match the sound to the word
FRFUN06	FRFUN06_0_0.html	1H#8	1	Click all words that contain the ou sound.
FRFUN06	FRFUN06_1_0.html	2B#2	1	Which of these words contain the “on” sound?
FRFUN06	FRFUN06_1_0.html	2C#3	1	Click all the words that contain the “in” nose sound.
FRFUN06	FRFUN06_1_0.html	2D#4	2	Hear the “un” sound in words
FRFUN06	FRFUN06_2_0.html	3A#1	1	Click all the words where c makes the strong /k/ sound.
FRFUN06	FRFUN06_2_0.html	3D#4	1	Click all the words where g makes the softer sound.
FRFUN06	FRFUN06_2_0.html	3G#7	1	Click all the words that begin with the French r sound. You 
FRFUN06	FRFUN06_3_0.html	4A#1	1	Pick all the words that contain the oi sound.
FRFUN06	FRFUN06_4_0.html	5B#2	2	Spot the quiet and loud final letters
FRFUN06	FRFUN06_4_0.html	5D#4	2	Which final letters of the numbers wake up?
FRFUN06	FRFUN06_5_0.html	6A#1	4	Listen for the letter
FRFUN06	FRFUN06_5_0.html	6B#2	5	Look at the accented letters.
FRFUN06	FRFUN06_5_0.html	6C#3	3	Now that you are familiar with the letters and the accented 
FRFUN06	FRFUN06_6_0.html	7B#2	1	Click the accent that is leaning backward.
FRFUN06	FRFUN06_8_0.html	2B#2	5	Complete the sentence
FRFUN06	FRFUN06_8_0.html	?#3	4	Put the accent in
FRFUN06	FRFUN06_9_0.html	3A#1	3	Where do words connect?
FRFUN06	FRFUN06_9_0.html	3B#2	1	Link or do not link?
FRFUN06	FRFUN06_9_0.html	?#4	2	Which version sounds natural?
FRFUN07	FRFUN07_3_0.html	3A#1	1	Is it a cognate or a false friend?
FRFUN08	FRFUN08_7_0.html	1A#1	2	What should you say next?
FRNO901	FRNO901_1_0.html	1A#1	1	Listen carefully to the greetings below and select the match
FRNO901	FRNO901_1_0.html	1E#5	1	Find six French words and expressions in the Word Find below
FRNO901	FRNO901_2_0.html	2A#1	1	Drag the words into the correct order to build the question:
FRNO901	FRNO901_2_0.html	2C#3	5	Put the conversation together
FRNO901	FRNO901_2_0.html	2D#4	1	Find six French words from the conversation above in the cro
FRNO901	FRNO901_3_0.html	3C#3	3	Put the conversation together
FRNO901	FRNO901_3_0.html	3D#4	1	Find six French words from the conversation above, in the wo
FRNO901	FRNO901_3_0.html	3E#5	10	Aromatawai – Salut! Ça va?
FRNO901	FRNO901_4_0.html	4A#1	2	Match the French expressions to their English definitions be
FRNO901	FRNO901_4_0.html	4D#4	3	With your age changing every year, and the opportunity to me
FRNO901	FRNO901_4_0.html	4E#5	1	Download the lesson task for this lesson below and when you 
FRNO901	FRNO901_5_0.html	5B#2	2	Match the French expression to the correct image.
FRNO901	FRNO901_5_0.html	5D#4	5	Put the conversation together
FRNO901	FRNO901_5_0.html	5E#5	1	Download the lesson task for this lesson below and when you 
FRNO901	FRNO901_6_0.html	6A#1	2	Watch the video again and then tick the language names you h
FRNO901	FRNO901_6_0.html	6B#2	5	Put the conversation together
FRNO901	FRNO901_6_0.html	6C#3	2	Find the days of the week
FRNO901	FRNO901_6_0.html	6D#4	2	Find the months of the year
FRNO901	FRNO901_6_0.html	6E#5	3	Match the celebration
FRNO901	FRNO901_6_0.html	6F#6	5	Put the Conversation Together
FRNO901	FRNO901_6_0.html	6G#7	1	Download the lesson task for this lesson below and when you 
FRNO901	FRNO901_7_0.html	7A#1	2	Check What You Know
FRNO901	FRNO901_7_0.html	7B#2	1	Find the familiar French words hidden in the wordfind.
FRNO901	FRNO901_8_0.html	8A#1	11	Record Your Conversation
FRNO902	FRNO902_1_0.html	1A#1	2	Match the family member
FRNO902	FRNO902_1_0.html	1B#2	3	Watch and listen like a detective
FRNO902	FRNO902_1_0.html	1D#4	2	Pick the correct word
FRNO902	FRNO902_1_0.html	1E#5	1	Put the words in the correct order below to build the phrase
FRNO902	FRNO902_1_0.html	1F#6	2	Download the task for Lesson 1 below. When you have complete
FRNO902	FRNO902_2_0.html	2C#3	1	Put the words in the correct order to create clear French se
FRNO902	FRNO902_2_0.html	2D#4	1	Put the words in the correct order to create clear French se
FRNO902	FRNO902_2_0.html	2E#5	2	Replay the video as many times as you need to. Notice the va
FRNO902	FRNO902_2_0.html	2F#6	1	Download the task for Lesson 2 below. When you have complete
FRNO902	FRNO902_3_0.html	3A#1	1	Match the French words to the correct pet pictures.
FRNO902	FRNO902_3_0.html	3D#4	2	Look at the words below and put them in the correct order to
FRNO902	FRNO902_3_0.html	3E#5	2	Look at the words below and put them in the correct order to
FRNO902	FRNO902_3_0.html	3F#6	7	Unjumble the pet conversation
FRNO902	FRNO902_3_0.html	3G#7	9	Aromatawai – ma famille
FRNO902	FRNO902_4_0.html	4C#3	15	Choose the correct description
FRNO902	FRNO902_4_0.html	4D#4	2	Pick the correct translation
FRNO902	FRNO902_4_0.html	4E#5	1	Reorder the sentences below into correct French sentences.
FRNO902	FRNO902_4_0.html	4H#8	1	Download the task for Lesson 4 below. When you have complete
FRNO902	FRNO902_5_0.html	5E#5	3	Click on the audio button and listen carefully to each set o
FRNO902	FRNO902_5_0.html	5F#6	1	Download the task for Lesson 5 below. When you have complete
FRNO902	FRNO902_6_0.html	6C#3	11	Combine the descriptions
FRNO902	FRNO902_6_0.html	6D#4	3	Build the comparison
FRNO902	FRNO902_6_0.html	6F#6	4	Listen and choose / Écoute et choisis
FRNO902	FRNO902_6_0.html	6G#7	4	Look at two people and compare/Regarde et choisis.
FRNO902	FRNO902_6_0.html	6H#8	1	Download the task for Lesson 6 below. When you have complete
FRNO902	FRNO902_7_0.html	7A#1	10	Match each French sentence to the correct English meaning.
FRNO902	FRNO902_7_0.html	7B#2	5	Choose the correct description
FRNO902	FRNO902_7_0.html	7C#3	1	In this activity, you must put the words in the correct orde
FRNO902	FRNO902_7_0.html	7E#5	2	Choose the correct answer for each question. There are three
FRNO902	FRNO902_8_0.html	8A#1	11	Choose the strongest answer
FRNO902	FRNO902_8_0.html	8B#2	2	Put the words in the correct order.
FRNO902	FRNO902_8_0.html	8C#3	1	When you are happy that you have written out all the French 
GENO901	GENO901_1_0.html	1C#3	16	Download this writing activity.
GENO901	GENO901_1_0.html	1D#4	6	Pick out phrases from the Eintopf (soup pot), then create su
GENO901	GENO901_1_0.html	1E#5	3	Listening for polite words
GENO901	GENO901_2_0.html	2E#5	2	Read the mini dialogues.
GENO901	GENO901_3_2.html	3G#7	1	Listening and spelling words
GENO901	GENO901_5_0.html	5A#1	1	Saying where you come from
GENO901	GENO901_5_0.html	5C#3	1	Saying where you live
GENO901	GENO901_6_0.html	6A#1	1	Where do the Aotearoa New Zealand Students live?
GENO901	GENO901_7_3.html	7B#2	7	Designer note: please provide title
GEO1005	GEO1005_1_0.html	1B#2	1	Features of an alluvial plain
GEO1005	GEO1005_1_0.html	1C#3	8	Alluvial Plain formation
GEO1005	GEO1005_3_0.html	3B#2	11	New Zealand’s Plate Boundary Location
GEO1005	GEO1005_4_0.html	4A#1	2	Earthquake impacts on the natural environment
GEO1005	GEO1005_4_0.html	4B#2	3	Categorise the effects of earthquakes
GEO1005	GEO1005_5_0.html	5A#1	10	New Zealand’s climate is classified as …
GEO1005	GEO1005_6_0.html	6A#1	2	Impacts of climate change on Canterbury
GEO1006	GEO1006_1_0.html	1C#3	1	Glaciation processes
GEO1006	GEO1006_2_0.html	2A#1	1	Glaciation changes the land
GEO1006	GEO1006_3_0.html	3A#1	2	Impacts of climate change
GEO1006	GEO1006_4_0.html	4A#1	9	River characteristics
GEWHA	GEWHA_0_0.html	1A#1	2	Match the English meaning
GEWHA	GEWHA_0_0.html	1B#2	7	Match the German brand names to the products you might see h
GEWHA	GEWHA_0_0.html	1D#4	1	Please answer the following questions for your kaiako. This 
HES1003	HES1003_2_0.html	2C#3	1	Optional activities if you want to know more.
HES1003	HES1003_4_0.html	4C#3	5	Optional activities if you want to know more.
HES1003	HES1003_9_0.html	9A#1	7	Consequences of decisions
HES1006	HES1006_3_0.html	3A#1	1	Interpersonal strategies
HES1006	HES1006_5_0.html	5A#1	4	Revisiting personal, interpersonal and societal strategies
HES1006	HES1006_5_0.html	5B#2	1	Interconnections between strategies
HES1007	HES1007_1_0.html	1A#1	1	A table of different factors has been provided for inspirati
HES1007	HES1007_1_0.html	1B#2	4	Identifying personal, interpersonal, and societal factors in
HES1007	HES1007_1_0.html	1C#3	6	Identify and describe factors in your community
HES1007	HES1007_3_0.html	3C#3	4	Sugary drink advertisements
HES1007	HES1007_3_0.html	3D#4	4	Evaluate factors that influence hauora
HES1007	HES1007_3_0.html	3E#5	3	Recommend strategies for reducing Steve and others' energy d
HES1007	HES1007_4_0.html	4C#3	7	Make a vegetable rich meal
HES1007	HES1007_4_0.html	4D#4	4	Evaluate factors that influence hauora
HES1007	HES1007_4_0.html	4E#5	3	Recommend strategies for increasing Bobby and others' vegeta
HES1007	HES1007_5_0.html	5C#3	4	Evaluate factors that influence hauora
HES1007	HES1007_5_0.html	5D#4	3	Considering the scenario about Janie's class, recommend stra
HES1007	HES1007_6_0.html	6C#3	4	Vaping-related images
HES1007	HES1007_6_0.html	6D#4	4	Evaluate factors that influence hauora
HES1007	HES1007_6_0.html	6E#5	3	Recommend strategies for reducing Chrissie's vaping. Include
HES1007	HES1007_7_0.html	7C#3	4	Menstruation experiences
HES1007	HES1007_7_0.html	7D#4	4	Evaluate factors that influence hauora
HES1007	HES1007_7_0.html	7E#5	3	Recommend strategies for enhancing people's menstruation exp
HES1007	HES1007_8_0.html	8C#3	4	Unpacking youth and porn research
HES1007	HES1007_8_0.html	8D#4	4	Evaluate factors that influence hauora
HIS1001	HIS1001_5_0.html	5A#1	2	Look at the cartoon below: Source A. Begin by looking around
HIS1001	HIS1001_5_0.html	5B#2	2	Now that you can see how it works, show off your skill. Use 
HIS1002	HIS1002_4_0.html	4A#1	13	You can learn far more from reading texts and sources than t
HIS1002	HIS1002_4_0.html	4B#2	3	Te Papa Tongarewa is the Museum of New Zealand. It has an am
HIS1002	HIS1002_4_0.html	4C#3	11	Secondary sources are narratives created from a selection of
HIS1002	HIS1002_7_0.html	7B#2	2	Mapping concepts across contexts
HIS1002	HIS1002_7_0.html	7C#3	6	Writing explanations
HIS1002	HIS1002_10_0.html	?#3	2	Upload your HIS1002 learning journal to the dropbox.
HIS1003	HIS1003_2_0.html	2A#1	1	Ethical and empathetic analysis
HIS1004	HIS1004_4_0.html	4A#1	6	"Rugby was godlike. To question that was to question New Zea
HIS1006	HIS1006_9_0.html	2D#4	15	For or against the Hīkoi?
HIS1006	HIS1006_9_0.html	?#6	5	Now that you have a very thorough knowledge of events, parti
HIS1006	HIS1006_10_0.html	?#3	2	You are now more prepared for externally assessed Achievemen
HIS1006	HIS1006_11_0.html	4A#1	3	Trying to put right the past wrong doings of the Crown and h
HIS1006	HIS1006_11_0.html	?#3	3	Well done on completing the learning in this module. You now
HIS1008	HIS1008_2_0.html	2B#2	6	To find out more about Rosa Parks and her brave action click
HIS1008	HIS1008_5_0.html	?#5	1	Upload your journal so your kaiako can review your learning 
HIS1008	HIS1008_5_0.html	?#6	3	Now that you have a very thorough knowledge of the significa
HPFUN101	HPFUN101_0_0.html	4A#6	26	Would you ask for help?
HPFUN101	HPFUN101_0_0.html	4B#7	7	My circle of trust
HPFUN101	HPFUN101_0_0.html	5A#8	1	Click on the quiz button to reflect on your learning in this
HPFUN102	HPFUN102_0_0.html	1A#1	10	Test your body with some fun moves you can try right now. Fl
HPFUN102	HPFUN102_0_0.html	2A#3	1	How much do you enjoy these activities?
HPFUN102	HPFUN102_0_0.html	3A#4	1	Complete the scavenger hunt by ticking off as many activitie
HPFUN102	HPFUN102_0_0.html	4A#5	9	Which box is correct?
HPFUN102	HPFUN102_0_0.html	4B#6	7	Think about your new game idea. Select the best option for y
HPFUN102	HPFUN102_0_0.html	5A#7	1	Click on the quiz button to reflect on your learning in this
HPFUN103	HPFUN103_0_0.html	1A#1	6	Who is important to me?
HPFUN103	HPFUN103_0_0.html	4A#7	1	Click on the quiz button to reflect on your learning in this
HPFUN201	HPFUN201_0_0.html	1A#1	2	Flip two cards over at a time, match the picture card to the
HPFUN201	HPFUN201_0_0.html	1B#2	12	How do I care for myself?
HPFUN201	HPFUN201_0_0.html	2A#3	5	Would you be safe?
HPFUN201	HPFUN201_0_0.html	2B#4	1	What does it mean to be safe?
HPFUN201	HPFUN201_0_0.html	3B#6	2	Reflecting on your qualities
HPFUN201	HPFUN201_0_0.html	5A#8	1	Click on the quiz button to reflect on your learning in this
HPFUN202	HPFUN202_0_0.html	3A#5	10	Positive and negative thoughts
HPFUN202	HPFUN202_0_0.html	5A#9	1	Click on the quiz button to reflect on your learning in this
HPFUN203	HPFUN203_0_0.html	1A#1	3	The day the crayons quit
HPFUN203	HPFUN203_0_0.html	2A#2	8	Look at the following personal profiles of different childre
HPFUN203	HPFUN203_0_0.html	2B#3	7	Take the time to think about what makes your identity unique
HPFUN203	HPFUN203_0_0.html	4A#5	1	Click on the quiz button to reflect on your learning in this
HPFUN301	HPFUN301_0_0.html	2A#1	9	Changes we experience
HPFUN301	HPFUN301_0_0.html	4A#4	6	Using senses to be aware
HPFUN301	HPFUN301_0_0.html	4B#5	13	Your circle of control
HPFUN301	HPFUN301_0_0.html	6A#7	1	Click on the quiz button to reflect on your learning in this
HPFUN302	HPFUN302_0_0.html	3A#4	2	Finding the positives
HPFUN302	HPFUN302_0_0.html	3B#5	2	Reflecting on your attitude
HPFUN302	HPFUN302_0_0.html	4A#6	2	Games around the world
HPFUN302	HPFUN302_0_0.html	4B#7	3	Choose one of the following cultural games to play:
HPFUN302	HPFUN302_0_0.html	?#8	1	Click on the quiz button to reflect on your learning in this
HPFUN303	HPFUN303_0_0.html	2A#2	12	How safe is each situation?
HPFUN303	HPFUN303_0_0.html	2B#3	9	How safe would you feel?
HPFUN303	HPFUN303_0_0.html	4A#5	1	Click on the quiz button to reflect on your learning in this
HPFUN401	HPFUN401_0_0.html	1A#1	7	A snap decision is one that we make immediately. For each st
HPFUN401	HPFUN401_0_0.html	1B#2	1	Below there are three different scenarios. Each scenario has
HPFUN401	HPFUN401_0_0.html	2A#3	4	Drag each statement onto the chart between "not responsible"
HPFUN401	HPFUN401_0_0.html	2B#4	5	For each scenario, select either "the same" or "different" d
HPFUN401	HPFUN401_0_0.html	3B#6	1	Design a personal shield with symbols, words or drawings tha
HPFUN401	HPFUN401_0_0.html	4A#7	6	Barrier or motivator?
HPFUN401	HPFUN401_0_0.html	5A#9	1	Click on the quiz button to reflect on your learning in this
HPFUN402	HPFUN402_0_0.html	2A#2	10	Sports and the equipment required for the environment
HPFUN402	HPFUN402_0_0.html	3A#4	8	Personal responsibility
HPFUN402	HPFUN402_0_0.html	4A#6	6	Complete the sentences below by selecting the correct word. 
HPFUN402	HPFUN402_0_0.html	5A#8	1	Click on the quiz button to reflect on your learning in this
HPFUN403	HPFUN403_0_0.html	2A#2	1	Words for positive relationships
HPFUN403	HPFUN403_0_0.html	2B#3	12	All that we share
HPFUN403	HPFUN403_0_0.html	4A#5	1	Click on the quiz button to reflect on your learning in this
HPFUN901	HPFUN901_0_0.html	1A#1	1	Look at the following images and decide if the picture is a 
HPFUN901	HPFUN901_0_0.html	1B#2	2	Explore your own living room and discuss any possible hazard
HPFUN901	HPFUN901_0_0.html	2A#3	12	After you have watched the video, complete the following sen
HPFUN901	HPFUN901_0_0.html	3A#5	8	Answer the following questions by clicking true or false.
HPFUN901	HPFUN901_0_0.html	4C#11	2	Look at the following scenarios. Read the statements from ea
HPFUN901	HPFUN901_0_0.html	4D#12	6	I know where it is safe for me to play.
HPFUN901	HPFUN901_0_0.html	4E#13	5	Choose one of the following activities to assess your safe s
HPFUN901	HPFUN901_0_0.html	5A#14	1	Click on the quiz button to reflect on your learning in this
HPFUN902	HPFUN902_0_0.html	1B#2	1	1. Why is it important to swim between the red and yellow fl
HPFUN902	HPFUN902_0_0.html	3B#4	1	[DEV] Build crossword grid from these clue/answer pairs: 1. 
HPFUN902	HPFUN902_0_0.html	4A#5	1	Click on the quiz button to reflect on your learning in this
HPFUN903	HPFUN903_0_0.html	2A#2	11	When we need to stop our scooter we should:
HPFUN903	HPFUN903_0_0.html	4A#3	5	Playground safety or possible hazards?
HPFUN903	HPFUN903_0_0.html	5B#5	9	Good choices or unsafe moves?
HPFUN903	HPFUN903_0_0.html	5C#6	8	Dog ownership — true or false
HPFUN903	HPFUN903_0_0.html	6A#7	1	Click on the quiz button to reflect on your learning in this
HPRE203	HPRE203_7_0.html	7D#4	4	You've reached the end of the module, ka pai!
HPRE301	HPRE301_5_0.html	3C#1	1	Understanding wellbeing using data
HPRE301	HPRE301_9_0.html	7A#1	8	Everyone has influence
HPRE301	HPRE301_12_0.html	10A#1	1	Mīharo, you’ve completed the module!
JPFUN01	JPFUN01_0_0.html	1A#1	10	Match the correct meaning to each Japanese gesture.
JPFUN01	JPFUN01_0_0.html	1B#2	5	Remember, meeting people for the first time, or someone who 
JPFUN01	JPFUN01_0_0.html	1A#3	10	Choose True or False for each statement.
JPFUN01	JPFUN01_0_0.html	1B#4	7	Choose the best response.
JPFUN01	JPFUN01_0_0.html	1C#5	8	Match the Japanese word/ expression to when it is said durin
JPFUN01	JPFUN01_0_0.html	1D#6	3	Think About Your Own Life. Fill in the table with your own t
JPFUN01	JPFUN01_0_0.html	1E#7	1	Match the phrase to the situation.
MUS1004	MUS1004_4_0.html	3A#1	1	Test yourself. This link takes you to an activity where you 
MUS1004	MUS1004_5_0.html	4A#1	1	This is a great online game where you can become skilled at 
MUS1004	MUS1004_5_0.html	4B#2	10	Learn the tune as a soloist or in a group. Use any instrumen
MUS1004	MUS1004_6_0.html	5A#1	7	Have a go at doing a Marae strum! Use this chord progression
MUS1004	MUS1004_7_0.html	6A#1	8	Go back to Minka, which we used in Lesson 4. Your challenge 
MUS1006	MUS1006_3_0.html	?#1	9	Formative assessment task
MXDB102	MXDB102_1_0.html	1B#2	1	Drag the shapes into the correct columns to match the colour
MXDB102	MXDB102_1_0.html	1C#3	2	Match the shape to the name
MXDB202	MXDB202_5_0.html	5D#4	1	Ka Pai! You have completed the module Landmarks Around the W
MXDB302	MXDB302_2_0.html	2D#4	1	If you would like more practice with this skill, click here 
MXDB302	MXDB302_2_0.html	2H#8	4	Area of compound shapes questions
MXDB302	MXDB302_5_0.html	5B#2	3	If you would like more practice with this skill, click here 
MXDB302	MXDB302_5_0.html	5D#4	3	Volume of cubes and cuboids questions
MXDI103	MXDI103_2_0.html	2B#2	1	These numbers have all got scrambled up. Unscramble them to 
MXDI103	MXDI103_3_0.html	3E#5	1	It is now time to show your kaiako what you have been learni
MXDI103	MXDI103_5_0.html	5B#2	1	These numbers have all got scrambled up. Unscramble them to 
MXDI201	MXDI201_2_0.html	2F#6	6	Look carefully at the expanded form numbers. Then, in your j
MXDI201	MXDI201_4_0.html	4A#1	1	When rounding numbers, the smaller the digit the closer the 
MXDI201	MXDI201_4_0.html	4E#5	1	Rounding and compensation subtraction
MXDI201	MXDI201_4_0.html	4F#6	1	It’s now time to share all the learning you have completed s
MXDI201	MXDI201_6_0.html	6I#9	2	Match the following triangle jigsaw puzzle by matching the s
MXDI201	MXDI201_9_0.html	9D#4	4	Numbers on a number line
MXDI201	MXDI201_9_0.html	9F#6	5	Numbers in words and digits
MXDI301	MXDI301_1_0.html	2B#2	2	Which decimal has the same value?
MXDI301	MXDI301_1_0.html	2D#4	2	Whole numbers, decimals and the powers of 10
MXDI301	MXDI301_3_0.html	3A#1	2	Describing and continuing patterns
MXDI301	MXDI301_6_0.html	6B#2	2	Identifying linear patterns in tables
MXDI301	MXDI301_7_0.html	7B#2	2	Recognising linear patterns
MXDI301	MXDI301_8_0.html	8A#1	1	Complete the last part of your learning journal and upload i
MXEO102	MXEO102_4_0.html	4A#1	1	Making my own artwork
MXEO301	MXEO301_1_0.html	1D#4	1	Drag and drop each section of the prime factorisation proces
MXEO301	MXEO301_2_0.html	2A#1	4	Choose the correct answer from the options given.
MXEO301	MXEO301_2_0.html	2B#2	6	Apply the GEMA order of operations rule to the following equ
MXEO301	MXEO301_2_0.html	2C#3	7	Finding the correct answer
MXEO401	MXEO401_3_0.html	3D#4	1	Test your plotting skills
MXEO401	MXEO401_6_0.html	6A#1	3	Teacher marked assessment
MXEX101	MXEX101_1_0.html	1E#1	2	Make your own number line
MXEX101	MXEX101_2_0.html	2A#1	1	Go on a pattern hunt around your home or in the community an
MXEX101	MXEX101_4_0.html	3A#1	1	Measuring your own materials
MXEX201	MXEX201_1_0.html	1B#2	9	Aotearoa | New Zealand
MXEX201	MXEX201_1_0.html	1C#3	5	On Google Earth, type in the name of your town/city/region.
MXEX201	MXEX201_2_0.html	2A#1	1	Watch the following video and record three different places 
MXEX201	MXEX201_2_0.html	2B#2	1	Often, important places on a map are represented by symbols.
MXEX201	MXEX201_2_0.html	2C#3	5	Some maps have a legend/key that will tell the reader what t
MXEX201	MXEX201_3_0.html	4A#1	2	On this map of Aotearoa (New Zealand) the scale can be found
MXEX202	MXEX202_2_0.html	2A#1	2	Have a look in your kitchen to see if you have measuring cup
MXEX202	MXEX202_2_0.html	2B#2	2	Measuring ingredients
MXEX202	MXEX202_2_0.html	2C#3	4	½ cup + ½ cup = cup
MXEX202	MXEX202_3_0.html	4A#1	2	Measuring ingredients
MXEX202	MXEX202_3_0.html	4B#2	3	Measuring with spoons
MXEX202	MXEX202_4_0.html	5A#1	11	Watch this video to see how Rewana Bread is made and then ga
MXEX202	MXEX202_6_0.html	8A#1	5	Cooking something special
MXEX202	MXEX202_6_0.html	8B#2	2	Plan a family meal
MXEX202	MXEX202_6_0.html	8C#3	3	Go to your journal and answer these questions.
MXEX202	MXEX202_6_0.html	8D#4	1	Your kaiako (teacher) would love to see the learning you hav
MXEX301	MXEX301_5_0_0.html	5A#1	1	Matching lines, line segments and rays
MXEX301	MXEX301_7_0.html	7A#1	1	Inenga and the metric system
MXEX302	MXEX302_6_0.html	6D#4	3	The Breakers basketball development squad had a shooting com
MXEX302	MXEX302_7_0.html	7D#4	1	Ka pai! You've successfully completed this module. Upload yo
MXFL103	MXFL103_1_4.html	4A#1	1	Months of the year
MXFL104	MXFL104_3_0.html	3C#3	2	Support your learner as they read time in half hours and mat
MXFL104	MXFL104_3_0.html	3D#4	1	What time is showing on these clocks?
MXFL104	MXFL104_3_0.html	3E#5	1	What time is showing on these clocks?
MXFL201	MXFL201_2_0.html	2A#1	7	Discovering tourism in the regions
MXFL201	MXFL201_7_0.html	6A#1	4	Choose your holiday destination
MXFL201	MXFL201_8_0.html	7C#3	5	It is now time to calculate the total cost of your holiday. 
MXFL202	MXFL202_7_0.html	7B#2	1	Kai pai! You have completed your module on pets. Your kaiako
MXFL203	MXFL203_4_0.html	4E#5	1	Equivalent fractions
MXFL203	MXFL203_11_0.html	?#6	1	Ka pai! Well done for completing this module. You have pract
MXFL204	MXFL204_9_0.html	9A#1	1	Look at the flip cards and then decide if the data is likely
MXFL204	MXFL204_10_0.html	10A#1	1	What types of animals interest you? What questions do you ha
MXFL204	MXFL204_10_0.html	10B#2	5	How will you gather information?
MXFL204	MXFL204_10_0.html	10C#3	2	Have you created survey or interview questions? If you have 
MXFL204	MXFL204_10_0.html	10D#4	1	Display your data in an easy to read, eye catching way. Sele
MXFL204	MXFL204_10_0.html	10E#5	2	What did the data tell you? Was your hypothesis (estimation)
MXFL301	MXFL301_3_0.html	3G#7	5	Use the 1% method to solve the following problems.
MXFL301	MXFL301_3_0.html	3H#8	7	Practice using an equation to solve the following problems.
MXFL301	MXFL301_7_0.html	7B#2	4	Drag the correct number to the correct place below.
MXFL301	MXFL301_7_0.html	7C#3	12	Converting time units
MXFL301	MXFL301_8_0.html	8B#2	10	Reading a train timetable
MXFL301	MXFL301_8_0.html	8C#3	7	Reading a bus timetable
MXFL301	MXFL301_8_0.html	8E#5	8	Calculate the time difference
MXFL301	MXFL301_8_0.html	8F#6	7	What time would it be?
MXFL401	MXFL401_3_0.html	3F#6	1	This is your first checkpoint where you will submit the work
MXFL401	MXFL401_5_0.html	5B#2	1	Calculating area and percentage
MXFL401	MXFL401_7_0.html	7A#1	1	Teacher-marked assessment
MXFU201	MXFU201_1_0.html	1C#3	1	On a digital clock, if you see a time like 3:00, that’s 3 o’
MXFU201	MXFU201_1_0.html	1D#4	2	What’s the time Mr Wolf?
MXFU202	MXFU202_2_0.html	2E#5	1	Host cities and continents
MXFU202	MXFU202_7_0.html	7A#1	8	2 × tables in sports
MXFU202	MXFU202_9_0.html	9G#7	2	Ka pai, throughout this module you have completed many diffe
MXFU302	MXFU302_11_0.html	11A#1	1	The combination and learning of these three strands of Mathe
MXFU401	MXFU401_3_0.html	3B#2	1	Have a go at this code cracker game – using your skills at f
MXFU401	MXFU401_3_0.html	3F#6	1	This is your first checkpoint where you will submit the work
MXFU401	MXFU401_5_0.html	5A#1	2	Now go to this interactive to explore polygons further:
MXFU401	MXFU401_6_0.html	6A#1	1	Teacher-marked assessment
MXFU402	MXFU402_7_0.html	7B#2	2	Complete the PPDAC cycle in your learning journal to test wh
MXFU402	MXFU402_7_0.html	7C#3	1	"Thank you for much for all of your help to make sure that t
MXFUN01	MXFUN01_0_0.html	1A#1	2	How can you make 10?
MXFUN01	MXFUN01_0_0.html	1B#2	1	Watch this video and see how fast you can identify the numbe
MXFUN01	MXFUN01_0_0.html	1C#3	1	Find the matching pairs. Match the same number of dots to th
MXFUN01	MXFUN01_0_0.html	1D#4	1	Estimate the number of objects in each set below. Click on t
MXFUN01	MXFUN01_0_0.html	1E#5	14	Watch this video to learn how to round numbers to the neares
MXFUN01	MXFUN01_0_0.html	1D#17	4	Round and round we go!
MXFUN01	MXFUN01_0_0.html	2A#19	1	Drag and drop the place value blocks to make the number show
MXFUN01	MXFUN01_0_0.html	2B#20	2	What is the value?
MXFUN01	MXFUN01_0_0.html	2C#21	2	Write the correct number
MXFUN01	MXFUN01_0_0.html	2D#22	4	Drag and drop the digit cards to make the largest number you
MXFUN01	MXFUN01_0_0.html	2B#32	3	Practising order of operations
MXFUN01	MXFUN01_0_0.html	3A#33	1	Find the word in the puzzle and click on the first and last 
MXFUN01	MXFUN01_0_0.html	3B#34	2	Subtraction vocabulary
MXFUN01	MXFUN01_0_0.html	3C#35	2	What is multiplication?
MXFUN01	MXFUN01_0_0.html	3E#37	11	Choose the best answer for each question to show your unders
MXFUN01	MXFUN01_0_0.html	4A#45	2	Fractions as part of a whole
MXFUN01	MXFUN01_0_0.html	4B#46	1	Drag the fraction picture to match it with the correct fract
MXFUN01	MXFUN01_0_0.html	4D#47	4	Build a fraction wall
MXFUN01	MXFUN01_0_0.html	4E#48	2	Which fraction is larger?
MXFUN01	MXFUN01_0_0.html	4F#49	1	Add the two fractions together and then drag and drop the co
MXFUN01	MXFUN01_0_0.html	4G#50	11	Choose the correct answer to show your understanding of frac
MXFUN01	MXFUN01_0_0.html	4C#53	1	Mixed numbers and improper fractions
MXFUN01	MXFUN01_0_0.html	5J#79	1	Converting between fractions, decimals and percents
MXS1004	MXS1004_2_0.html	2E#5	15	Controlling variables
MXS1004	MXS1004_7_0.html	7A#1	3	The amount of land used by 73 beef producers and 74 soy prod
MXS1004	MXS1004_7_0.html	7B#2	3	The water used by 34 cotton producers and 34 wool producers 
MXS1004	MXS1004_7_0.html	7C#3	1	Data related to recycling has been collected from 69 females
MXS1004	MXS1004_8_0.html	8D#4	3	Analysing scattergraphs
OSAH401	OSAH401_1_0.html	1A#1	4	Match the correct factor with the explanation and example by
OSAI201	OSAI201_2_0.html	2B#2	1	Have a go at playing Quick, Draw! with your supervisor. Read
OSBY101	OSBY101_1_0.html	1B#2	10	If the ākonga choose to write a story, it can be shared with
OSBY101	OSBY101_1_0.html	1D#4	5	Ways people bully online
OSBY201	OSBY201_3_0.html	3A#1	1	Wellbeing kind words
OSBY201	OSBY201_3_0.html	3D#4	6	Kindness self-reflection
OSGM101	OSGM101_1_0.html	1A#1	5	Safer Gaming Devices
OSGM101	OSGM101_2_0.html	2A#1	1	Drag the correct letters to spell h-a-u-o-r-a and try saying
OSOH201	OSOH201_3_0.html	3A#1	16	Aria is a Te Kura/ākonga (student) doing her online learning
OSOH401	OSOH401_1_0.html	1B#2	9	Match these explanations to the correct title/word.
OSOH401	OSOH401_3_0.html	3B#2	7	Type your reflections on the following questions. Take a scr
OSOH501	OSOH501_4_0.html	4A#1	14	Strategies to manage distractions
OSSC301	OSSC301_3_0.html	3C#3	1	Online Scam Revision Quiz
OSSC401	OSSC401_2_0.html	2B#3	3	Your news bulletin quiz
OSSC401	OSSC401_4_0.html	4B#2	1	Online scam revision quiz
PES1001	PES1001_1_0.html	1A#1	2	Your place in Aotearoa
PES1001	PES1001_2_0.html	2C#3	1	Place the labels to show the structure of the Subduction zon
PES1001	PES1001_3_0.html	3B#2	8	Answer the following questions about geological events.
PES1001	PES1001_4_0.html	4A#1	6	Use this website to find answer the 5 questions below about 
PES1001	PES1001_4_0.html	4B#2	6	Test your knowledge of the Māori relationship with water by 
PES1001	PES1001_8_0.html	8A#1	10	Explore this carbon cycle interactive and answer the questio
PES1003	PES1003_10_0.html	10A#1	2	Teacher-marked assignment
PES1004	PES1004_9_0.html	9A#1	11	Controlled variables
PES1004	PES1004_9_0.html	9B#2	7	Explaining the gradient of the graph
PES1005	PES1005_4_0.html	4A#1	2	Like Tāne placed the stars in the night sky, place the corre
PES1007	PES1007_1_0.html	1D#4	5	Mix & Match the example with its associated energy
PES1008	PES1008_3_0.html	3B#2	1	Optional Activity: To Graph the Latent Heat of Water
PES1008	PES1008_4_0.html	4A#1	6	Go to your journal to complete this activity.
PES1008	PES1008_7_0.html	7A#1	1	Check your understanding
PES1008	PES1008_8_0.html	8B#2	1	Check your understanding
PES1008	PES1008_9_0.html	9B#2	2	Check your understanding
PES1008	PES1008_10_0.html	10A#1	2	Take a quick look back at all the lessons you have completed
PHE1002	PHE1002_1_0.html	2A#1	1	Unpacking the standard
PHE1002	PHE1002_2_0.html	1A#1	2	What is an applied setting?
PHE1003	PHE1003_1_0.html	1C#3	2	What does kotahitanga mean to you?
PHE1003	PHE1003_4_0.html	5B#1	6	For each strategy complete the best choice for each question
PHE1003	PHE1003_8_0.html	5A#1	4	Watch the video from the movie ‘The Blindside’ and answer th
PHE1005	PHE1005_3_0.html	3A#1	1	I know about Te Wheke
PHE1005	PHE1005_4_0.html	4A#1	1	I know about Fonofale
PHE1005	PHE1005_5_0.html	5A#1	1	I know about Fonua
PHE1007	PHE1007_1_0.html	1A#1	1	Scientific bone names
PHE1007	PHE1007_1_0.html	1B#2	1	Select the correct type of muscle that makes up the body par
PHE1007	PHE1007_2_0.html	2A#1	8	Type in an answer for each question and then click the check
PHE1007	PHE1007_2_0.html	2B#2	1	Flexion and extension of the joints
PHE1007	PHE1007_3_0.html	3A#1	5	Shot put throw – order of body segments
PHE1007	PHE1007_4_0.html	4C#3	1	Balance and stability
PHE1007	PHE1007_6_0.html	6A#1	6	Identify the energy system
PHE1008	PHE1008_1_0.html	1A#1	4	Test your knowledge about the atua
PHE1008	PHE1008_3_0.html	3B#2	1	Sports and participation
PHE1008	PHE1008_4_0.html	4B#2	1	Pay disparity in sports
PHE1008	PHE1008_5_0.html	5A#1	2	Choose whether the influence is a positive or a negative fro
PHE1008	PHE1008_5_0.html	5B#2	21	Sport, media and sponsorship
PMT101	PMT101_1_0.html	1.1#1	4	He whanaunga ngā mea katoa
PMT101	PMT101_1_0.html	1.2#2	4	He Taonga te Whakapapa
PMT101	PMT101_1_0.html	1.3#3	3	All of us together!
PMT101	PMT101_1_0.html	1.4#4	18	He aha tāku i ako ai?
PMT101	PMT101_2_0.html	2.1#1	10	Drag to give Correct Answers
PMT101	PMT101_2_0.html	2.2#2	14	Complete the Sentences
PMT101	PMT101_2_0.html	2.3#3	8	He taonga te whakapapa
PMT101	PMT101_2_0.html	2.4#4	12	Kua ako au i te aha?
PMT101	PMT101_2_0.html	2.5#5	6	Kua ako au i te aha?
PMT101	PMT101_3_0.html	3.1#1	20	Te Orangatonutanga o te Whakapapa
PMT101	PMT101_3_0.html	3.2#2	13	I tēnei ngohe, ka kimi koe i ngā kāri hoa. Ka whakaatu ētahi
PMT101	PMT101_3_0.html	3.3#3	15	Mē pēhea tātou noho tahi ai?
PMT101	PMT101_3_0.html	3.4#4	12	He aha tāku i ako ai?
PMT101	PMT101_3_0.html	3.5#5	6	He aha tāku i ako ai?
PNR102	PNR102_2_0.html	2.1#1	4	Mātaki, whakarongo hoki ki tēnei pūrākau paku e pā ana ki te
PNR102	PNR102_2_0.html	2.4#4	17	He aha tāku i ako ai?
PWY1001	PWY1001_1_1.html	1C#3	7	Choose one behaviour from the list. Reflect on how this beha
PWY1001	PWY1001_1_3_0.html	1K#7	6	Hemi’s weekly roster
PWY1001	PWY1001_2_3_0.html	2G#3	3	Identifying potential harm
PWY1001	PWY1001_3_1_0.html	3A#1	1	Scenario 1: Three-month trial
PWY1001	PWY1001_3_1_0.html	3B#2	10	Scenario 2 – First impressions at work
PWY1001	PWY1001_3_1_0.html	3C#3	10	Scenario 3 – Workplace communication
PWY1001	PWY1001_3_2_0.html	3E#2	7	Task:Carry out some short research to find out how Te Tiriti
PWY1002	PWY1002_2_1_0.html	2B#2	7	Choose two of the pātai (questions) below and write or recor
PWY1002	PWY1002_2_2_0.html	2C#1	3	Read each of the scenarios and respond to the questions that
PWY1002	PWY1002_3_1_0.html	3C#3	8	Find the pairs. Match each unhelpful behaviour with its help
PWY1002	PWY1002_3_2_0.html	3F#2	7	Check out these attendance patterns and answer the questions
PWY1002	PWY1002_3_2_0.html	3G#3	7	Describing survey data
PWY1007	PWY1007_2_0.html	1D#2	3	Address Format Practice
PWY1007	PWY1007_5_0.html	2B#1	8	Open your learning journal and read the information about Le
PWY1007	PWY1007_7_0.html	3B#1	1	Open your learning journal and check Bailey’s form to see wh
PWY1007	PWY1007_8_0.html	3C#1	1	These situations highlight what can go wrong when inaccurate
PWY1008	PWY1008_1_1_0.html	1A#1	14	Casual chat, informal interview or formal interview?
PWY1008	PWY1008_1_2_0.html	1C#1	8	What is the interview about?
PWY1008	PWY1008_1_3_0.html	1D#1	11	Check the interview details
PWY1008	PWY1008_1_3_0.html	1E#2	7	Read each example and decide whether the presentation is sui
PWY1008	PWY1008_3_2_0.html	3D#2	1	Write a relevant question
PWY1008	PWY1008_3_2_0.html	3E#3	9	Using body language effectively in interviews.
PWY1008	PWY1008_3_3_0.html	3F#1	1	Record an informal interview practice
PWY1009	PWY1009_1_2_0.html	1B#1	7	Individual or collective?
PWY1009	PWY1009_3_2_0.html	3D#1	6	Explanation or change?
PWY1009	PWY1009_3_2_0.html	3E#2	2	Showing manaakitanga
SCES201	SCES201_1_0.html	1D#4	1	Now download your journal and complete the activities for Le
SCES201	SCES201_2_0.html	2D#4	1	Designer note: Title needed. Please provide.
SCES201	SCES201_3_0.html	3D#4	1	Designer note: Please provide a title.
SCES201	SCES201_4_0.html	4E#5	2	Designer note: Please provide a title.
SCPH301	SCPH301_8_0.html	8B#2	1	You have finished module SCCH301 on thermal energy. Go to th
SSCI104	SSCI104_1_0.html	1D#4	6	Create your own Stone Age scene
SSCI104	SSCI104_2_0.html	2A#1	9	Things in common with our human ancestors
SSCI104	SSCI104_2_0.html	2C#3	14	You will need to 'launch' the map, then follow the instructi
SSCI104	SSCI104_3_0.html	3C#3	7	Report your findings
SSCI104	SSCI104_4_0.html	4C#3	24	Stone Age invention task
SSCI104	SSCI104_5_0.html	5B#2	6	Here are some ways to share your Stone Age-inspired item:
SSCI205	SSCI205_4_0.html	4C#3	8	Whānau mini-Olympics
SSCI205	SSCI205_9_0.html	9A#1	4	You have created, discussed, and thought carefully during th
SSEA203	SSEA203_2_0.html	2C#3	2	The three friends each have $100 to spend on the camping tri
SSEA203	SSEA203_6_0.html	6A#1	10	These are the things you should have learned or practised in
SSEA203	SSEA203_6_0.html	6B#2	2	You have completed some of your learning in a journal. It is
SSFUN01	SSFUN01_0_0.html	1A#1	1	Agree and disagreeing
SSFUN01	SSFUN01_0_0.html	1C#3	11	Empathetic or active listening
SSFUN01	SSFUN01_0_0.html	2A#5	2	Connecting with others: making a difference
SSFUN01	SSFUN01_0_0.html	3A#8	4	Rights and responsibilities
SSFUN01	SSFUN01_0_0.html	4A#12	24	Social action in different spaces
SSFUN03	SSFUN03_0_0.html	1A#1	2	Let’s start by looking at this map showing a small community
SSFUN05	SSFUN05_0_0.html	1C#3	1	Source B: whakaahua/photograph
SSFUN05	SSFUN05_0_0.html	1D#4	2	Source C: mea/taonga/artefact
SSFUN05	SSFUN05_0_0.html	1E#5	2	Extra fun – a jigsaw
SSFUN05	SSFUN05_0_0.html	2C#8	2	Source B: mahi toi/drawing
SSFUN05	SSFUN05_0_0.html	2D#9	4	Source C: mahi toi/portrait painting
SSOG101	SSOG101_6_0.html	6A#1	2	We have been learning a lot about the kinds of people in our
SSOG105	SSOG105_3_0.html	3B#2	13	Mission: Send Sam a voice message
SSOG105	SSOG105_7_0.html	7B#2	2	When you are ready, share your completed detective notebook 
TEDC401	TEDC401_2_0.html	2F#6	9	Design detective quiz
TEDC401	TEDC401_3_0.html	3D#4	2	Sorting the design thinking steps
TEDC401	TEDC401_4_0.html	4A#1	7	From sketch to screen | From wireframe to prototype
TEDC401	TEDC401_5_0.html	5E#5	1	Can you tick all five?
TEDC401	TEDC401_6_0.html	6B#2	10	Communicate your design
TEDC401	TEDC401_6_0.html	6C#3	6	Tick all that you did in this project regarding responsible 
TEDC401	TEDC401_6_0.html	6D#4	9	This is your final submission: time to upload your Before an
TEDC402	TEDC402_1_0.html	1B#2	14	Data or data story?
TEDC402	TEDC402_2_0.html	2A#1	9	Match the computer part to the job it does
TEDC402	TEDC402_2_0.html	2B#2	1	Sort the examples into the correct stage of the Input → Proc
TEDC402	TEDC402_3_0.html	3A#1	2	Binary mini-challenge
TEDC402	TEDC402_3_0.html	3E#5	1	Safe settings & security
TEDC402	TEDC402_4_0.html	4A#1	5	Cleaning or analysis?
TEDC402	TEDC402_4_0.html	4C#3	5	Here's a small 'wellbeing' dataset with some classic real-wo
TEDC402	TEDC402_4_0.html	4E#5	4	Choose one of the datasets from above.
TEDC402	TEDC402_4_0.html	4F#6	4	Thinking like a data scientist
TEDC402	TEDC402_4_0.html	4G#7	3	Wrap-up: what have you learned?
TEDC402	TEDC402_5_0.html	5A#1	2	Visualisation or decoration?
TEDC402	TEDC402_5_0.html	5C#3	4	Data detective: Investigate the chart
TEDC402	TEDC402_5_0.html	5F#6	1	Quick check + reflection
TEDC402	TEDC402_5_0.html	5G#7	1	Journal prompt: What story does your chart tell?
TEDC402	TEDC402_6_0.html	6F#6	2	1. What is the main purpose of using IF/THEN/ELSE in an algo
TEDC402	TEDC402_6_0.html	6H#8	2	Submit your final algorithm in either:
TEDC402	TEDC402_7_0.html	7A#1	4	Step 1: Build the Algorithm
TEDC402	TEDC402_7_0.html	7B.1#2	1	Activity 1 – From algorithm steps to code structure
TEDC402	TEDC402_7_0.html	7B.3#4	2	Activity 3 – Variables: what should we store?
TEDC402	TEDC402_7_0.html	7C#5	1	Practice lab 1: Debug the rocket-fuel calculator
TEDC402	TEDC402_7_0.html	7D#6	9	Practice lab 2: Write your program
TEDC402	TEDC402_7_0.html	7E#7	4	Practice lab 3: Test your program
TEDC402	TEDC402_7_0.html	7F#8	4	Applying programming to your own dataset
TEDC402	TEDC402_7_0.html	7G#9	3	Practice lab 4: Side-quests
TEDC402	TEDC402_7_0.html	7H#10	3	Quick check + reflection
TEDC402	TEDC402_8_0.html	8A#1	6	Warm-up: Think like a reviewer
TEDC402	TEDC402_8_0.html	8B#2	1	Evaluate a visualisation
TEDC402	TEDC402_8_0.html	8C#3	14	Refine your visualisation
TEDC402	TEDC402_8_0.html	8D#4	6	Designer note: please note this will need to be put in an ac
TEDC402	TEDC402_8_0.html	8E#6	1	This is your final reflection for the whole module and will 
TEFUN01	TEFUN01_0_0.html	1B#2	6	You are going to practise finding out what people like and c
TEFUN02	TEFUN02_0_0.html	1A#1	3	One way to plan is by drawing a picture. Let's try! You can2
TEFUN02	TEFUN02_0_0.html	1B#2	3	You are going to plan your dream playground for children lik
TEFUN02	TEFUN02_0_0.html	1C#3	6	Now create a picture of your playground now. After you have 
TEFUN02	TEFUN02_0_0.html	2B#7	1	Optional activity: your turn
TEFUN03	TEFUN03_0_0.html	1A#1	8	Are you looking for some simple ways to boost your creativit
TEFUN03	TEFUN03_0_0.html	2A#5	8	Are you looking for some simple ways to boost your creativit
TEFUN03	TEFUN03_0_0.html	4A#9	1	Quiz: Thinking Critically and Creatively
TEFUN04	TEFUN04_0_0.html	1B#2	19	You are going to use the Design Process to create a fort.
TEFUN05	TEFUN05_0_0.html	1A#1	4	Find five of something in your house. They could be toys, sp
TEFUN05	TEFUN05_0_0.html	2B#4	1	What do you expect?
TEFUN05	TEFUN05_0_0.html	4B#8	1	Look back at the brief. Describe or sketch your own solution
TEFUN06	TEFUN06_0_0.html	2A#2	7	How old is too old?
TEFUN06	TEFUN06_0_0.html	4A#7	15	Controversial designs
TEFUN07	TEFUN07_0_0.html	2A#2	7	How culture shapes boat design
TRR102	TRR102_1_0.html	1C#3	1	Titiro ki te rārangi o raro iho nei, tīpakongia ētahi mahi n
TRR102	TRR102_1_0.html	1E#5	2	He aha tāku i ako ai?
TRR102	TRR102_2_0.html	2A#1	2	Find all the 'a'
TRR102	TRR102_2_0.html	2B#2	1	Tōia te oro tika
TRR102	TRR102_2_0.html	2D#4	6	Te rōpū ako o te kiwi
TRR102	TRR102_3_0.html	3A#1	4	He wā pai tēnei ki te parakatihi tuhi, hanga hoki i a Pūriki
TRR102	TRR102_3_0.html	3D#4	2	He aha tāku i ako ai?
TRR102	TRR102_4_0.html	4D#4	4	Te rōpū ako o te kiwi
TRR102	TRR102_5_0.html	5A#1	6	He wā pai ināianei hei whakaharatau i te tuhi me te hanga i 
TRR102	TRR102_5_0.html	5B#3	3	Ngā tohutohu hei mahi
TRR102	TRR102_5_0.html	5C#4	2	He aha tāku i ako ai?
TRR106	TRR106_1_0.html	1.1#1	2	Find all the 'u'
TRR106	TRR106_1_0.html	1.5#5	3	Te rōpū ako o te kiwi
TRR106	TRR106_2_0.html	2.4#4	2	He aha tāku i ako ai?
TRR110	TRR110_1_0.html	1.1#1	4	Rapua ngā 'ea' katoa
TRR110	TRR110_1_0.html	1.3#3	4	Anei he rotarota nā Whaea Aroha māu e pā ana ki a tetipea. W
TRR110	TRR110_1_0.html	1.5#5	10	Ka mau te wehi!
TRR110	TRR110_2_0.html	2.4#4	4	He nui ngā waiata e whakamahi ana i te kupu reo. Kua kitea e
TRR110	TRR110_2_0.html	2.5#5	10	Kua mutu tō ako mō te oropuare pūrua eo.
TRR110	TRR110_2_0.html	2.6#6	2	Te rōpū ako o te kiwi
TRR110	TRR110_3_0.html	3.1#1	2	I ētahi wā ka ōrite tonu te āhua o ngā pū o te oropuare pūru
TRR110	TRR110_3_0.html	3.3#3	16	He iti noa iho ngā kupu i te reo Māori e whakamahi ana i te 
TRR110	TRR110_3_0.html	3.4#4	12	Kua mutu tō ako e pā ana ki te oropuare pūrua eu.
TRR110	TRR110_4_0.html	4.1#1	2	Kimihia ngā oropuare pūrua ei kei roto i ēnei kupu kei raro 
TRR110	TRR110_4_0.html	4.6#6	14	Kua mutu tō ako e pā ana ki te oropuare pūrua ei.
TRR110	TRR110_5_0.html	5.1#1	3	Ngā pū me ngā oro
TRR110	TRR110_5_0.html	5.4#4	12	He aha tāku i ako ai?
TRR111	TRR111_1_0.html	1.1#1	2	Pāwhiria te oropuare pūrua ia kei roto i ēnei kupu.
TRR111	TRR111_1_0.html	1.3#3	13	He pukapuka tino pai tāu kei tō kāinga?
TRR111	TRR111_1_0.html	1.6#6	13	Kua mutu tō ako i te oropuare pūrua ia.
TRR111	TRR111_2_0.html	2.1#1	4	Hangaia te oropuare pūrua 'io'
TRR111	TRR111_2_0.html	2.4#4	4	He wā pai ināianei ki te waiata i ētahi o āu waiata pai rawa
TRR111	TRR111_2_0.html	1.6#6	15	Kua mutu tō ako mō te oropuare pūrua io. Whakatā mō tētahi w
TRR111	TRR111_3_0.html	3.1#1	3	Find all the 'iu'
TRR111	TRR111_3_0.html	3.4#4	3	Āta titiro ki ia rārangi o te rotarota. Kimihia te wāhanga ō
TRR111	TRR111_3_0.html	3.5#5	14	Kua mōhio koe ināianei ki te oro me te āhua o te oropuare pū
TRR111	TRR111_4_0.html	4.1#1	4	Whakarōpūngia ngā oropuare pūrua
TRR111	TRR111_4_0.html	4.5#5	14	Kua tae koe ki te mutunga o tēnei akoranga. Ka rawe!
TRR111	TRR111_5_0.html	5.1#1	4	Rapua te oro e taurite ana
TRR111	TRR111_5_0.html	5.3#3	4	Kowhiria te rerenga kōrero tika
TRR112	TRR112_1_0.html	1A#1	3	Kia ora, ko Pūriki o ahau.Me ako tātou i tōku oro tōpū tuata
TRR112	TRR112_1_0.html	1B#2	1	Designer note: "[Activity: Embedded] wordfind Note to CS – p
TRR112	TRR112_1_0.html	1F#6	3	Kua tae ki te wā mō tētahi pūrākau. Kua kōwhiria e Whaea Aro
TRR112	TRR112_1_0.html	1H#8	2	Kua mōhio koe ināianei ki te āhua me te oro o te oro tōpū oa
TRR112	TRR112_2_0.html	2E#5	4	He rotarota ngahau tā Whaea Arohanui e hiahia ana ia ki te t
TRR112	TRR112_2_0.html	2F#6	8	Me ako tātou i ētahi kupu e whakamahi ana i te oro tōpū oe.
TRR112	TRR112_2_0.html	2G#7	3	Activity Instructions:
TRR112	TRR112_2_0.html	2H#8	11	Ka rawe! Kua oti i a koe tēnei kōwae mō te oro tōpū oe.
TRR112	TRR112_3_0.html	3H#8	7	Kua mutu i a koe tēnei akoranga, ā, ka mōhio koe ki ngā mea 
TRR112	TRR112_4_0.html	4A#1	8	Ko taku oro tōpū whakamutunga māu hei ako, ko tōku hoa ko Pū
TRR112	TRR112_4_0.html	4B#2	1	Activity Instructions:
TRR112	TRR112_4_0.html	4G#7	6	Me waiatatahi tātou. Kua kōwhiri a Whaea Arohanui i tētahi w
TRR112	TRR112_4_0.html	4H#8	13	Kua oti i a koe te ako mō te oro tōpū ou.
TRR112	TRR112_5_0.html	5G#6	18	Kei runga noa atu koe!
TRR113	TRR113_1_0.html	1C#3	4	Ko te oro tōpū ua hoki te kupu mō te ua.
TRR113	TRR113_1_0.html	1E#5	15	Ka mau te wehi!
TRR113	TRR113_2_0.html	4E#5	3	Kua mutu tāu ako mō te oro tōpū e tīmata ana ki te pū u.
TRR113	TRR113_3_0.html	3A#1	12	I tēnei akoranga, e waihanga oro tōpū ana māua ko tōku tino 
TRR113	TRR113_3_0.html	3C#3	4	Ka rangona nuitia e koe te oro tōpū u i roto i tēnei waiata.
TRR113	TRR113_3_0.html	3F#6	14	Kua oti i a koe te ako mō te oro tōpū ui.
TRR113	TRR113_4_0.html	2A#1	2	Ko taku oro tōpū e whai ake nei ka hangaia i te hono tahi mā
TRR113	TRR113_4_0.html	2E#5	2	Kua oti i a koe te ako mō te oro tōpū ue.
TRR113	TRR113_5_0.html	5E#5	16	Kua oti i a koe! Kua tutuki!
TRR114	TRR114_3_0.html	3A#1	12	He aha tā tātou ka ako?
TRR114	TRR114_3_0.html	3B#2	21	He aha tā tātou ka ako?
TRR115	TRR115_1_0.html	1.1#1	14	Te kimi i te pū "a" i tō ao
TRR115	TRR115_1_0.html	1B#2	9	Designer note: please provide an actual title for this activ
TRR115	TRR115_1_0.html	1.3#3	3	Kēmu Tākaro Oro (Whakarite Oro)
TRR115	TRR115_2_0.html	2.1#1	7	He ngohe ako arapū ā-whānau
TRR115	TRR115_2_0.html	2.2#2	5	Wewetehia ēnei kupu ki ngā oro mā te pakipaki i ō ringa
TRR115	TRR115_2_0.html	2.3#3	7	Pānui ngātahi: Pānuihia te pukapuka Ara Pūreta. Shared readi
TRR115	TRR115_2_0.html	2.4#4	11	Memory concentration game
TRR115	TRR115_2_0.html	2.5#5	7	Whakaatu i tētahi kāri (hei tauira: A – Arewhana) Show a car
TRR115	TRR115_2_0.html	2.6#6	8	He Kēmu Oro Bingo
TRR115	TRR115_3_0.html	3.1#1	9	Pānui - ngā oro me ngā kupu
TRR115	TRR115_3_0.html	3.2#2	12	Tuhituhi - ngā kupu hou
TRR115	TRR115_3_0.html	3.3#3	1	Virtual letter cards
TRR116	TRR116_3_0.html	3.5#5	8	E pēhea ana koe?
TRR203	TRR203_2_0.html	3A#1	2	Ngā Tohutohu Hei Mahi
TRR203	TRR203_2_0.html	3B#2	2	Ngā Tohutohu Hei Mahi
TRR203	TRR203_2_0.html	3C#3	2	Ngā Tohutohu Hei Mahi
TRR203	TRR203_3_0.html	2A#1	2	Kūmua - Taki & Kore
TRR203	TRR203_3_0.html	2B#2	2	Ngā Tohutohu Hei Mahi
TRR203	TRR203_3_0.html	2C#3	2	Ngā Tohutohu Hei Mahi
TRR301	TRR301_1_0.html	1A#1	23	He aha te reretūpono?
TRR301	TRR301_2_0.html	2C#3	16	Ko tēnei tūpono, a inā, ka whakamahia inā mōhio tātou ka tin
TRR301	TRR301_2_0.html	2D#4	12	Ka whakamahia tēnei tūpono here, a pēnā, ki te tuku tohutohu
TWHA901	TWHA901_0_0.html	1A#1	1	Practise these brain gym activities by watching the video be
TWHA901	TWHA901_0_0.html	1B#2	1	Learn a string game by following the instructions in the vid
TWHA901	TWHA901_0_0.html	1C#3	2	Portfolio reflection
TWHA901	TWHA901_0_0.html	2C#6	2	Portfolio reflection
TWHA901	TWHA901_0_0.html	3A#7	1	Our belief in our ability to learn can really help us or hol
TWHA901	TWHA901_0_0.html	3C#9	2	Portfolio reflection
TWHA901	TWHA901_0_0.html	4A#10	1	You are this young person working on making a robotic car fo
TWHA901	TWHA901_0_0.html	4C#12	2	Portfolio reflection
TWHA901	TWHA901_0_0.html	5C#15	2	Portfolio reflection
TWHA901	TWHA901_0_0.html	6A#16	1	Try this hand clapping sequence with a buddy. What did you h
TWHA901	TWHA901_0_0.html	6C#18	2	Portfolio reflection
TWHA901	TWHA901_0_0.html	7C#21	2	Portfolio reflection
TWHA901	TWHA901_0_0.html	8A#22	1	Try this web of wool activity with two or more people. What 
TWHA901	TWHA901_0_0.html	8C#24	2	Portfolio reflection
TWHA901	TWHA901_0_0.html	9C#27	2	Portfolio reflection
TWHA901	TWHA901_0_0.html	10B#29	1	What do you see?
TWHA901	TWHA901_0_0.html	10C#30	2	Portfolio reflection
TWHA902	TWHA902_0_0.html	1A#1	4	Good speaking skills help you share your ideas clearly and c
TWHA902	TWHA902_0_0.html	1B#2	1	Read/listen to the first few lines of this story: Ben always
TWHA902	TWHA902_0_0.html	1D#4	3	Portfolio reflection
TWHA902	TWHA902_0_0.html	3A#9	5	Understanding body language
TWHA902	TWHA902_0_0.html	3B#10	3	Try this body language activity.
TWHA902	TWHA902_0_0.html	3C#11	6	Charades is a word guessing game.
TWHA902	TWHA902_0_0.html	3D#12	3	Portfolio reflection
TWHA902	TWHA902_0_0.html	5A#17	1	This Zentangle activity is a relaxing, free-drawing exercise
TWHA902	TWHA902_0_0.html	5B#18	1	Look at the sculpture in the image. What message do you thin
TWHA902	TWHA902_0_0.html	5C#19	3	Portfolio reflection
TWHA902	TWHA902_0_0.html	6A#20	1	The sandwich technique
TWHA902	TWHA902_0_0.html	6B#21	3	Portfolio reflection
TWHA902	TWHA902_0_0.html	8C#27	4	Portfolio reflection
TWHA903	TWHA903_0_0.html	1A#1	1	Thinking like a social scientist
TWHA903	TWHA903_0_0.html	2A#5	1	Thinking like a scientist
TWHA903	TWHA903_0_0.html	2B#6	1	Take a look at this practical example of Ryan who has made a
TWHA903	TWHA903_0_0.html	3A#9	1	Thinking like a mathematician
TWHA903	TWHA903_0_0.html	4A#13	6	Solving problems with creative thinking
TWHA904	TWHA904_0_0.html	4A#5	1	Mathematical thinkers
TWHA906	TWHA906_0_0.html	1C2#4	10	Drag the personality statements
TWHA906	TWHA906_0_0.html	1F#7	9	Reflection and portfolio
TWHA906	TWHA906_0_0.html	2A#8	12	Designer note: Need to check with copyright if we're allowed
TWHA906	TWHA906_0_0.html	2F#12	14	Reflection and portfolio
TWHA906	TWHA906_0_0.html	3E#17	9	Reflection and portfolio
TWHA906	TWHA906_0_0.html	5A#23	17	Resilience is for everyone
TWHA906	TWHA906_0_0.html	5B#24	3	When things do not go to plan
TWHA906	TWHA906_0_0.html	5E#27	9	Reflection and portfolio
TWHK902	TWHK902_0_0.html	2A#2	1	Take a look at what energy levels are like for today in the 
TWHK902	TWHK902_0_0.html	2B#3	1	Download this visual Maramataka calendar
TWHK902	TWHK902_0_0.html	2C#4	1	This video shows us how the Moon can "wobble" on its axis as
TWHK902	TWHK902_0_0.html	4A#8	1	Calculate your carbon footprint here.
TWHK902	TWHK902_0_0.html	4B#9	1	Take a look at the Count Us In campaign to see what you can 
TWHK902	TWHK902_0_0.html	4C#10	1	Choose the future that you want
TWHK903	TWHK903_0_0.html	4A#6	1	The Challenge (Ongoing for 1 Week)
TWHK903	TWHK903_0_0.html	5C#9	1	Positive vs. negative comments
TWHK903	TWHK903_0_0.html	8B#14	1	Fake news – Phase 4+5
TWHK903	TWHK903_0_0.html	9A#15	6	Your usage of AI
TWHK903	TWHK903_0_0.html	9B#16	1	Your thoughts – Phase 2/3
TWHK903	TWHK903_0_0.html	9C#17	1	Your thoughts – Phase 4/5
TWHK903	TWHK903_0_0.html	9D#18	3	Add evidence of your solution to your portfolio. You can:
TWHK907	TWHK907_0_0.html	1C#3	12	Te Ranginui-a-Ihu Ngariki Irwin – Te Wairoa Charitable Trust
TWHK907	TWHK907_0_0.html	1G#7	5	Click on the quiz button to reflect on your learning.
TWHK907	TWHK907_0_0.html	2F#13	6	Click on the quiz button to reflect on your learning.
TWHK907	TWHK907_0_0.html	3A#14	14	You need to be
TWHK907	TWHK907_0_0.html	3D#17	5	Click on the quiz button to reflect on your learning.
TWHK907	TWHK907_0_0.html	4A#18	6	Learning through hāpori
TWHK907	TWHK907_0_0.html	4B#19	7	Designer note: quiz to come
TWHR905	TWHR905_0_0.html	2A#3	3	Create your own timetable
TWHR907	TWHR907_0_0.html	3C#5	4	Answer the questions into your portfolio:
TWHR907	TWHR907_0_0.html	4B#7	2	A leader I admire
TWHT903	TWHT903_0_0.html	2A#3	1	Sparklers: Common ground activity
TWHT903	TWHT903_0_0.html	3A#6	6	In the boxes below identify the judgements and bias that hav
TWHT903	TWHT903_0_0.html	3C#8	9	Inclusive communication
TWHT903	TWHT903_0_0.html	4C#11	2	Your Digital Footprint
WJFUN106	WJFUN106_0_0.html	2C#5	4	Supervisors, you can help by typing for your ākonga (child).
WJFUN106	WJFUN106_0_0.html	3B#7	5	Click the sentence parts
WJFUN108	WJFUN108_0_0.html	2C#7	2	Check your understanding by matching the word to the definit
WJFUN108	WJFUN108_0_0.html	2D#8	1	Writing better sentences
WJFUN108	WJFUN108_0_0.html	3A#9	1	Pancake rock sentences
WJFUN109	WJFUN109_0_0.html	2B#5	3	Who is the letter for?
WJFUN110	WJFUN110_0_0.html	2A#4	1	Kea is writing a letter to someone. I wonder who the audienc
WJFUN115	WJFUN115_0_0.html	1I#9	2	Check your understanding
WJFUN115	WJFUN115_0_0.html	3E#20	2	Check your understanding
WJFUN116	WJFUN116_0_0.html	1I#9	1	Build a better paragraph
WJFUN116	WJFUN116_0_0.html	2C#12	10	Tongue twister challenge
WJFUN206	WJFUN206_0_0.html	3B#9	3	Choose the sentence that uses speech marks correctly.
WJFUN208	WJFUN208_0_0.html	1C#3	2	In the previous activity, you evaluated how effectively diff
WJFUN208	WJFUN208_0_0.html	2C#6	6	Using stronger words
WJFUN210	WJFUN210_0_0.html	1A#1	1	Select the figurative language in each sentence. Click on th
WJFUN210	WJFUN210_0_0.html	1C#3	5	Choosing figurative language
WJFUN210	WJFUN210_0_0.html	2A#5	3	Choosing descriptive words
WJFUN211	WJFUN211_0_0.html	1D#4	4	Part Two: Which feature works best?
WJFUN212	WJFUN212_0_0.html	1A#1	8	Spot the literary technique
WJFUN212	WJFUN212_0_0.html	1D#4	5	Make your own idiom
WJFUN212	WJFUN212_0_0.html	2E#10	3	Writing descriptive sentences
WJFUN304	WJFUN304_0_0.html	1C#3	12	This task will be marked by your teacher. Go to the quiz and
WJFUN304	WJFUN304_0_0.html	2D#7	14	In this quiz you will write a short paragraph about Hokianga
WJFUN304	WJFUN304_0_0.html	3A#8	3	Identify the voice by choosing whether the sentences below a
WJFUN304	WJFUN304_0_0.html	3B#9	8	Choose the sentence that best matches the focus.
WJFUN304	WJFUN304_0_0.html	3C#10	3	Write the sentence as instructed.
XDLS502	XDLS502_3_0.html	2H#8	13	Offline paper/activity based
XDLS502	XDLS502_3_0.html	2I#9	4	Would you like an extra offline challenge?
XDLS502	XDLS502_4_0.html	3B#2	9	Plan your face to face visit – paper/activity based
XDLS901	XDLS901_3_0.html	3E#5	13	Judge how you can show commitment
XDLS902	XDLS902_7_0.html	7B#2	2	Explain how to budget
XDLS903	XDLS903_1_0.html	1B#2	3	Explain why poi is good for us
XDLS903	XDLS903_1_0.html	1C#3	2	Do something for your hauora
XDLS908	XDLS908_3_0.html	3D#4	5	The module XLP06 Ebb and Flow can assist you to develop your
XDLS908	XDLS908_3_0.html	3E#5	5	How can I describe my feelings?
XDLS908	XDLS908_3_0.html	3F#6	4	Sharing your feelings
XDLS908	XDLS908_4_0.html	4A#1	5	Share your listening experience with your kaiako, you can in
XDLS908	XDLS908_7_0.html	7C#3	1	Share your icon with your kaiako.
XDLS911	XDLS911_1_0.html	?#1	3	You are submitting your folder called US29304 containing:
XDLS911	XDLS911_1_0.html	?#2	3	You are submitting your folder called US27106 containing:
XDLS912	XDLS912_1_0.html	1A#1	1	Now it’s your turn. Use the upload to dropbox button to shar
XDLS912	XDLS912_1_0.html	1B#2	5	We can use Google Maps to find out the time it will take to 
XDLS912	XDLS912_1_0.html	1C#3	1	Now it’s your turn. Use the upload to dropbox button to shar
XDLS912	XDLS912_2_0.html	2B#2	4	When we go and visit places outside our home, there are othe
XDLS912	XDLS912_2_0.html	2D#4	1	Sort these items into safe and unsafe to eat.
XGF9001	XGF9001_2_0.html	1D#4	3	Music and sound can shape our identity in powerful ways. In 
XGF9001	XGF9001_9_0.html	5B#2	1	You have been exploring and thinking about lots of different
XGF9002	XGF9002_1_0.html	1B#2	2	This section at the end of each lesson is an invitation to s
XGF9002	XGF9002_2_0.html	2A#1	30	Emotion patterns check-in
XGF9002	XGF9002_2_0.html	2D#4	15	Dig deeper: the calm connection mini-plan
XGF9002	XGF9002_3_0.html	3D#4	14	This section is designed for parents who want to look more c
XGF9002	XGF9002_4_0.html	4D#4	13	In this dig deeper, you will have the opportunity to think m
XGF9002	XGF9002_5_0.html	5D#4	17	Use this activity to reflect on your current routines and id
XGF9002	XGF9002_6_0.html	6D#4	15	Use this activity to intentionally plan how your whānau can 
XGF9002	XGF9002_7_0.html	7D#4	17	Use this activity to intentionally strengthen resilience wit
XGF9002	XGF9002_8_0.html	8D#4	18	Use this activity to intentionally plan how you will strengt
XGF9002	XGF9002_9_0.html	9A#1	1	Create a whānau support plan – a simple one-page overview of
XGF9003	XGF9003_1_1.html	3A#1	25	Rate my self-regulation
XGF9003	XGF9003_1_1.html	3C#3	15	Green light, yellow light, red light
XGF9003	XGF9003_1_1.html	3D#4	10	Can you control your impulses?
XGF9003	XGF9003_1_1.html	3E#5	8	Attention and focus: match the meanings
XGF9003	XGF9003_1_2.html	4A#1	8	Problem solving with flexible thinking
XGF9003	XGF9003_1_3.html	5B#2	5	You are off on a shopping trip and your whānau has given you
XGF9004	XGF9004_2_0.html	2B#2	1	Declutter your study space
XGF9004	XGF9004_2_0.html	2C#3	1	Putting the day in order
XGF9004	XGF9004_2_0.html	2E#5	1	One effective activity to help with organisation is creating
XGF9004	XGF9004_2_0.html	2I#9	1	The Eisenhower Matrix - journal task
XGF9004	XGF9004_2_0.html	2K#11	1	Strong task initiation and persistence skills help you start
XGF9004	XGF9004_3_0.html	3A#1	1	Rate my self-regulation
XGF9004	XGF9004_3_0.html	3B#2	1	Our emotions change many times during the day. This is a gre
XGF9004	XGF9004_3_0.html	3D#4	1	Can you control your impulses?
XGF9004	XGF9004_4_0.html	4B#2	1	Problem-solving tips and tricks
XGF9004	XGF9004_4_0.html	4C#3	1	Metacognitive questions to ask yourself
XGF9006	XGF9006_1_0.html	1C#3	11	Whānau/Supervisor prompt
XGF9006	XGF9006_2_0.html	2D#4	9	Whānau/Supervisor prompt
XGF9006	XGF9006_3_0.html	3C#3	11	Whānau/supervisor prompt
XGF9006	XGF9006_4_0.html	4B#2	9	Note-taking researcher
XGF9006	XGF9006_4_0.html	4D#4	13	Whānau/Supervisor prompt
XGF9006	XGF9006_5_0.html	5A#1	20	Project planner tool
XGF9006	XGF9006_5_0.html	5C#3	8	Whānau/Supervisor prompt
XGF9006	XGF9006_6_0.html	6E#5	9	Whānau/Supervisor prompt
XGF9006	XGF9006_7_0.html	7B#2	12	Mystery reflection – what's behind the door?
XLP01	XLP01_1_0.html	1A#1	1	Interactive activites
XLP01	XLP01_2_0.html	2B#1	2	Match the punctuation to the sentence
XLP01	XLP01_2_0.html	2C#2	3	Try these activities together:
XLP01	XLP01_2_0.html	2D#3	8	Let’s review our learning
XLP01	XLP01_3_0.html	3A#1	1	Try this for yourself
XLP01	XLP01_4_0.html	4C#3	1	Hide objects around the house that start with specific sound
XLP01	XLP01_4_0.html	4D#4	1	Pick a simple word like “cat,” and “stretch” the sounds out 
XLP02	XLP02_1_0.html	1A#1	6	Use the pictures on a digital device or print off the PDF to
XLP04	XLP04_1_0.html	1A#1	3	Use this list to build a sensory profile and find out what y
XLP04	XLP04_2_0.html	2A#1	10	Here is a list of these strategies you can download here.
XLP04	XLP04_3_0.html	3A#1	7	A sensory bin is a container filled with various materials t
XLP04	XLP04_3_0.html	3B#2	12	Sensory bags are sealed pouches filled with various material
XLP04	XLP04_3_0.html	3C#3	15	Sensory corner or calming space
XLP04	XLP04_3_0.html	3D#4	13	Fidget toys are small, handheld objects designed to provide 
XLP04	XLP04_3_0.html	3E#5	13	A sensory board or wall is a collection of textures, objects
XLP04	XLP04_4_0.html	4A#1	10	Sorting and matching with textured objects
XLP04	XLP04_4_0.html	4B#2	11	Sensory movement obstacle course
XLP04	XLP04_4_0.html	4C#3	10	Exploring sounds and vibrations
XLP04	XLP04_4_0.html	4D#4	10	Mess-free sensory art with sensory bags
XLP04	XLP04_4_0.html	4E#5	11	Interactive storytime with sensory elements
XLP05	XLP05_2_0.html	1A#1	3	Sort the pictures from the first activity in the ākonga even
XLP05	XLP05_5_0.html	4A#1	11	Read the question then select the correct answer.
XMES101	XMES101_6_0.html	6D#4	9	Remember to practise your Yes/No, Stop/Go and More/Finished 
XMES102	XMES102_2_0.html	2A#1	8	Choose 5 items from inside or outside your home that are spe
XMES102	XMES102_4_0.html	4A#1	1	Rooms in a house
XMES102	XMES102_4_0.html	4D#4	1	Spaces I like and dislike
XMES102	XMES102_5_0.html	1E#5	1	How was that lesson for you?
XMES201	XMES201_2_0.html	2F#7	2	How was that activity? We hope you had fun with your pet. Le
XMES202	XMES202_5_0.html	5A#1	4	You may need the help of your hoa ako for this activity if u
XOTPB08	XOTPB08_2_0.html	?#3	1	Tohaina ki tōu kaiako | Share with your kaiako
XOTPB09	XOTPB09_2_0.html	?#3	3	Tohaina ki tōu kaiako | Share with your kaiako
XOTPB10	XOTPB10_2_0.html	?#3	3	Tohaina ki tōu kaiako | Share with your kaiako
XOTPB11	XOTPB11_2_0.html	?#3	1	Tohaina ki tōu kaiako | Share with your kaiako
XOTPB12	XOTPB12_2_0.html	?#3	3	Tohaina ki tōu kaiako | Share with your teacher
XOTPB13	XOTPB13_2_0.html	?#3	3	Tohaina ki tōu kaiako | Share with your teacher
XOTPG01	XOTPG01_2_0.html	?#4	3	Tohaina ki tōu kaiako | Share with your kaiako
XOTPG03	XOTPG03_2_0.html	?#4	3	Tohaina ki tōu kaiako | Share with your kaiako
XOTPG04	XOTPG04_2_0.html	?#4	3	Tohaina ki tōu kaiako | Share with your kaiako
XOTPG05	XOTPG05_2_0.html	?#4	3	Tohaina ki tōu kaiako | Share with your kaiako
XOTPG06	XOTPG06_2_0.html	?#4	3	Tohaina ki tōu kaiako | Share with your kaiako
XOTPO01	XOTPO01_2_0.html	?#4	3	Tohaina ki tōu kaiako | Share with your kaiako
XTAS101	XTAS101_1_0.html	1H#8	1	How was this learning for you?
XTAS101	XTAS101_2_0.html	2B#2	5	Let's talk more about your special interest. We can use our 
XTAS101	XTAS101_2_0.html	2E#6	1	How was this learning for you?
XTAS101	XTAS101_3_0.html	3D#4	1	How was this learning for you?
XTAS101	XTAS101_4_0.html	4B#2	13	You may choose to make your own sensory topic jar. This is a
XTAS101	XTAS101_4_0.html	4C#3	1	Share your special interest
XTAS101	XTAS101_4_0.html	4D#4	2	How was this learning for you?
XWHA01	XWHA01_1_0.html	2A#1	3	Tell us about yourself
XWHA02	XWHA02_3_0.html	3A#1	1	Do this by yourself or with someone else.
XWHA02	XWHA02_3_0.html	3B#2	1	Please choose one activity.
